{
    "data": [
        {
            "id": 66048,
            "name": "SuperАлиби 2",
            "year": 2023,
            "quality": "FHD (1080p)",
            "genre": "Комедия",
            "type": "Фильмы",
            "country": "Франция",
            "poster": "https://img.gettyimages.site/movies/franchise/6/6/0/4/8/0/0/0/0/0/610x900_66048.jpg",
            "imdb": "6.6",
            "kinopoisk": "6.7"
        },
        {
            "id": 65665,
            "name": "Время расплаты",
            "year": 2023,
            "quality": "FHD (1080p)",
            "genre": "Триллер",
            "type": "Фильмы",
            "country": "США",
            "poster": "https://img.gettyimages.site/movies/franchise/6/5/6/6/5/0/0/0/0/0/610x900_65665.jpg",
            "imdb": null,
            "kinopoisk": null
        },
        {
            "id": 64513,
            "name": "Разбой",
            "year": 2023,
            "quality": "TS",
            "genre": "Криминал, Боевик",
            "type": "Фильмы",
            "country": "Россия, Киргизия",
            "poster": "https://img.gettyimages.site/movies/franchise/6/4/5/1/3/0/0/0/0/0/610x900_64513.jpg",
            "imdb": null,
            "kinopoisk": null
        },
        {
            "id": 63620,
            "name": "Беглец",
            "year": 2023,
            "quality": "FHD (1080p)",
            "genre": "Боевик, Триллер",
            "type": "Фильмы",
            "country": "США",
            "poster": "https://img.gettyimages.site/movies/franchise/6/3/6/2/0/0/0/0/0/0/610x900_63620.jpg",
            "imdb": "6.2",
            "kinopoisk": "6.2"
        },
        {
            "id": 64518,
            "name": "Кто убил BlackBerry?",
            "year": 2023,
            "quality": "FHD (1080p)",
            "genre": "Биографический, Комедия, Драма",
            "type": "Фильмы",
            "country": "Канада",
            "poster": "https://img.gettyimages.site/movies/franchise/6/4/5/1/8/0/0/0/0/0/610x900_64518.jpg",
            "imdb": "7.9",
            "kinopoisk": "7.5"
        },
        {
            "id": 66316,
            "name": "Красу: Нечеловеческий поцелуй 2",
            "year": 2023,
            "quality": "FHD (1080p)",
            "genre": "Ужасы, Фэнтези, Мелодрама",
            "type": "Фильмы",
            "country": "Таиланд",
            "poster": "https://img.gettyimages.site/movies/franchise/6/6/3/1/6/0/0/0/0/0/610x900_66316.jpg",
            "imdb": "5.5",
            "kinopoisk": null
        },
        {
            "id": 64526,
            "name": "Стоп-слово",
            "year": 2023,
            "quality": "FHD (1080p)",
            "genre": "Триллер, Драма",
            "type": "Фильмы",
            "country": "США",
            "poster": "https://img.gettyimages.site/movies/franchise/6/4/5/2/6/0/0/0/0/0/610x900_64526.jpg",
            "imdb": "6.8",
            "kinopoisk": "6.3"
        },
        {
            "id": 66319,
            "name": "Ещё один макияж",
            "year": 2023,
            "quality": "FHD (1080p)",
            "genre": "Комедия",
            "type": "Фильмы",
            "country": "Чили",
            "poster": "https://img.gettyimages.site/movies/franchise/6/6/3/1/9/0/0/0/0/0/610x900_66319.jpg",
            "imdb": "5.4",
            "kinopoisk": null
        },
        {
            "id": 66318,
            "name": "Истории страсти 2",
            "year": 2023,
            "quality": "FHD (1080p)",
            "genre": "Мелодрама, Драма",
            "type": "Фильмы",
            "country": "Индия",
            "poster": "https://img.gettyimages.site/movies/franchise/6/6/3/1/8/0/0/0/0/0/610x900_66318.jpg",
            "imdb": "7.3",
            "kinopoisk": null
        },
        {
            "id": 66322,
            "name": "Снайперская месть",
            "year": 2023,
            "quality": "FHD (1080p)",
            "genre": "Боевик, Триллер",
            "type": "Фильмы",
            "country": "Китай",
            "poster": "https://img.gettyimages.site/movies/franchise/6/6/3/2/2/0/0/0/0/0/610x900_66322.jpg",
            "imdb": null,
            "kinopoisk": null
        },
        {
            "id": 65684,
            "name": "Реинкарнация. Новая глава",
            "year": 2023,
            "quality": "FHD (1080p)",
            "genre": "Ужасы, Триллер",
            "type": "Фильмы",
            "country": "Австралия",
            "poster": "https://img.gettyimages.site/movies/franchise/6/5/6/8/4/0/0/0/0/0/610x900_65684.jpg",
            "imdb": null,
            "kinopoisk": null
        },
        {
            "id": 66326,
            "name": "Что? Ограбление!",
            "year": 2023,
            "quality": "FHD (1080p)",
            "genre": "Комедия",
            "type": "Фильмы",
            "country": "Сингапур, Малайзия",
            "poster": "https://img.gettyimages.site/movies/franchise/6/6/3/2/6/0/0/0/0/0/610x900_66326.jpg",
            "imdb": null,
            "kinopoisk": null
        },
        {
            "id": 66199,
            "name": "Заставь меня поверить",
            "year": 2023,
            "quality": "FHD (1080p)",
            "genre": "Мелодрама",
            "type": "Фильмы",
            "country": "Турция",
            "poster": "https://img.gettyimages.site/movies/franchise/6/6/1/9/9/0/0/0/0/0/610x900_66199.jpg",
            "imdb": null,
            "kinopoisk": null
        },
        {
            "id": 66328,
            "name": "Три сыщика: Наследие дракона",
            "year": 2023,
            "quality": "FHD (1080p)",
            "genre": "Приключения, Семейный, Детектив",
            "type": "Фильмы",
            "country": "Германия",
            "poster": "https://img.gettyimages.site/movies/franchise/6/6/3/2/8/0/0/0/0/0/610x900_66328.jpg",
            "imdb": "5.8",
            "kinopoisk": null
        },
        {
            "id": 66329,
            "name": "Фейерверк",
            "year": 2023,
            "quality": "FHD (1080p)",
            "genre": "Триллер, Драма",
            "type": "Фильмы",
            "country": "Индонезия",
            "poster": "https://img.gettyimages.site/movies/franchise/6/6/3/2/9/0/0/0/0/0/610x900_66329.jpg",
            "imdb": null,
            "kinopoisk": null
        },
        {
            "id": 66334,
            "name": "Криминалист Санатан",
            "year": 2023,
            "quality": "FHD (1080p)",
            "genre": "Криминал, Триллер",
            "type": "Фильмы",
            "country": "Индия",
            "poster": "https://img.gettyimages.site/movies/franchise/6/6/3/3/4/0/0/0/0/0/610x900_66334.jpg",
            "imdb": "7.9",
            "kinopoisk": null
        },
        {
            "id": 61474,
            "name": "Индиана Джонс и колесо судьбы",
            "year": 2023,
            "quality": "TS",
            "genre": "Приключения, Боевик",
            "type": "Фильмы",
            "country": "США",
            "poster": "https://img.gettyimages.site/movies/franchise/6/1/4/7/4/0/0/0/0/0/610x900_61474.jpg",
            "imdb": "6.9",
            "kinopoisk": "6.7"
        },
        {
            "id": 64291,
            "name": "Хороший человек",
            "year": 2023,
            "quality": "FHD (1080p)",
            "genre": "Драма",
            "type": "Фильмы",
            "country": "Канада, США",
            "poster": "https://img.gettyimages.site/movies/franchise/6/4/2/9/1/0/0/0/0/0/610x900_64291.jpg",
            "imdb": "7.0",
            "kinopoisk": "7.1"
        },
        {
            "id": 66340,
            "name": "Бот-убийца",
            "year": 2023,
            "quality": "FHD (1080p)",
            "genre": "Ужасы, Фантастика",
            "type": "Фильмы",
            "country": "США",
            "poster": "https://img.gettyimages.site/movies/franchise/6/6/3/4/0/0/0/0/0/0/610x900_66340.jpg",
            "imdb": null,
            "kinopoisk": null
        },
        {
            "id": 66345,
            "name": "Идеальная команда",
            "year": 2023,
            "quality": "FHD (1080p)",
            "genre": "Комедия",
            "type": "Фильмы",
            "country": "Вьетнам",
            "poster": "https://img.gettyimages.site/movies/franchise/6/6/3/4/5/0/0/0/0/0/610x900_66345.jpg",
            "imdb": null,
            "kinopoisk": null
        },
        {
            "id": 65585,
            "name": "Все эти годы",
            "year": 2023,
            "quality": "FHD (1080p)",
            "genre": "Мелодрама, Драма",
            "type": "Фильмы",
            "country": "Китай",
            "poster": "https://img.gettyimages.site/movies/franchise/6/5/5/8/5/0/0/0/0/0/610x900_65585.jpg",
            "imdb": null,
            "kinopoisk": null
        },
        {
            "id": 63940,
            "name": "Чемпионы",
            "year": 2023,
            "quality": "FHD (1080p)",
            "genre": "Спортивный, Комедия, Драма",
            "type": "Фильмы",
            "country": "США",
            "poster": "https://img.gettyimages.site/movies/franchise/6/3/9/4/0/0/0/0/0/0/610x900_63940.jpg",
            "imdb": "7.1",
            "kinopoisk": null
        },
        {
            "id": 62280,
            "name": "Ренфилд",
            "year": 2023,
            "quality": "FHD (1080p)",
            "genre": "Ужасы, Комедия",
            "type": "Фильмы",
            "country": "США",
            "poster": "https://img.gettyimages.site/movies/franchise/6/2/2/8/0/0/0/0/0/0/610x900_62280.jpg",
            "imdb": "6.7",
            "kinopoisk": "6.6"
        },
        {
            "id": 66251,
            "name": "Любовь зовёт на борт",
            "year": 2023,
            "quality": "FHD (1080p)",
            "genre": "Мелодрама",
            "type": "Фильмы",
            "country": "Канада",
            "poster": "https://img.gettyimages.site/movies/franchise/6/6/2/5/1/0/0/0/0/0/610x900_66251.jpg",
            "imdb": "7.3",
            "kinopoisk": null
        },
        {
            "id": 66253,
            "name": "Свадьба мечты",
            "year": 2023,
            "quality": "FHD (1080p)",
            "genre": "Мелодрама",
            "type": "Фильмы",
            "country": "Канада",
            "poster": "https://img.gettyimages.site/movies/franchise/6/6/2/5/3/0/0/0/0/0/610x900_66253.jpg",
            "imdb": null,
            "kinopoisk": null
        },
        {
            "id": 66256,
            "name": "Пусть любовь расцветает",
            "year": 2023,
            "quality": "FHD (1080p)",
            "genre": "Семейный, Мелодрама, Драма",
            "type": "Фильмы",
            "country": "США",
            "poster": "https://img.gettyimages.site/movies/franchise/6/6/2/5/6/0/0/0/0/0/610x900_66256.jpg",
            "imdb": "6.4",
            "kinopoisk": null
        },
        {
            "id": 66257,
            "name": "Любовь, брак, убийство",
            "year": 2023,
            "quality": "FHD (1080p)",
            "genre": "Триллер",
            "type": "Фильмы",
            "country": "США",
            "poster": "https://img.gettyimages.site/movies/franchise/6/6/2/5/7/0/0/0/0/0/610x900_66257.jpg",
            "imdb": null,
            "kinopoisk": null
        },
        {
            "id": 66258,
            "name": "Кошмарный конкурс",
            "year": 2023,
            "quality": "FHD (1080p)",
            "genre": "Триллер",
            "type": "Фильмы",
            "country": "США",
            "poster": "https://img.gettyimages.site/movies/franchise/6/6/2/5/8/0/0/0/0/0/610x900_66258.jpg",
            "imdb": "5.5",
            "kinopoisk": null
        },
        {
            "id": 64598,
            "name": "Рыцари Зодиака",
            "year": 2023,
            "quality": "FHD (1080p)",
            "genre": "Приключения, Фэнтези, Боевик",
            "type": "Фильмы",
            "country": "США, Япония",
            "poster": "https://img.gettyimages.site/movies/franchise/6/4/5/9/8/0/0/0/0/0/610x900_64598.jpg",
            "imdb": "4.5",
            "kinopoisk": null
        },
        {
            "id": 63961,
            "name": "Банды Парижа",
            "year": 2023,
            "quality": "FHD (1080p)",
            "genre": "Исторический, Боевик, Триллер, Драма",
            "type": "Фильмы",
            "country": "Франция",
            "poster": "https://img.gettyimages.site/movies/franchise/6/3/9/6/1/0/0/0/0/0/610x900_63961.jpg",
            "imdb": "6.0",
            "kinopoisk": "6.2"
        },
        {
            "id": 66271,
            "name": "Лес смерти",
            "year": 2023,
            "quality": "FHD (1080p)",
            "genre": "Ужасы",
            "type": "Фильмы",
            "country": "США",
            "poster": "https://img.gettyimages.site/movies/franchise/6/6/2/7/1/0/0/0/0/0/610x900_66271.jpg",
            "imdb": "4.0",
            "kinopoisk": null
        },
        {
            "id": 66272,
            "name": "Искупление Габриэля: Часть первая",
            "year": 2023,
            "quality": "HD (720p)",
            "genre": "Мелодрама",
            "type": "Фильмы",
            "country": "США",
            "poster": "https://img.gettyimages.site/movies/franchise/6/6/2/7/2/0/0/0/0/0/610x900_66272.jpg",
            "imdb": "6.4",
            "kinopoisk": null
        },
        {
            "id": 66273,
            "name": "Полумёртвый Фред",
            "year": 2023,
            "quality": "FHD (1080p)",
            "genre": "Ужасы, Триллер",
            "type": "Фильмы",
            "country": "США",
            "poster": "https://img.gettyimages.site/movies/franchise/6/6/2/7/3/0/0/0/0/0/610x900_66273.jpg",
            "imdb": "7.5",
            "kinopoisk": null
        },
        {
            "id": 66274,
            "name": "Похороните невесту",
            "year": 2023,
            "quality": "FHD (1080p)",
            "genre": "Ужасы",
            "type": "Фильмы",
            "country": "США",
            "poster": "https://img.gettyimages.site/movies/franchise/6/6/2/7/4/0/0/0/0/0/610x900_66274.jpg",
            "imdb": "4.5",
            "kinopoisk": null
        },
        {
            "id": 66275,
            "name": "Точь-в-точь как любовь",
            "year": 2023,
            "quality": "FHD (1080p)",
            "genre": "Триллер, Драма",
            "type": "Фильмы",
            "country": "Нигерия",
            "poster": "https://img.gettyimages.site/movies/franchise/6/6/2/7/5/0/0/0/0/0/610x900_66275.jpg",
            "imdb": null,
            "kinopoisk": null
        },
        {
            "id": 66277,
            "name": "С Днем рождения",
            "year": 2023,
            "quality": "FHD (1080p)",
            "genre": "Ужасы",
            "type": "Фильмы",
            "country": "США",
            "poster": "https://img.gettyimages.site/movies/franchise/6/6/2/7/7/0/0/0/0/0/610x900_66277.jpg",
            "imdb": null,
            "kinopoisk": null
        },
        {
            "id": 64998,
            "name": "Уикенд с батей",
            "year": 2023,
            "quality": "FHD (1080p)",
            "genre": "Комедия",
            "type": "Фильмы",
            "country": "США",
            "poster": "https://img.gettyimages.site/movies/franchise/6/4/9/9/8/0/0/0/0/0/610x900_64998.jpg",
            "imdb": "5.8",
            "kinopoisk": "6.3"
        },
        {
            "id": 66279,
            "name": "Конь",
            "year": 2023,
            "quality": "FHD (1080p)",
            "genre": "Драма",
            "type": "Фильмы",
            "country": "Филиппины",
            "poster": "https://img.gettyimages.site/movies/franchise/6/6/2/7/9/0/0/0/0/0/610x900_66279.jpg",
            "imdb": null,
            "kinopoisk": null
        },
        {
            "id": 66280,
            "name": "Оторвы",
            "year": 2023,
            "quality": "FHD (1080p)",
            "genre": "Приключения, Боевик",
            "type": "Фильмы",
            "country": "США",
            "poster": "https://img.gettyimages.site/movies/franchise/6/6/2/8/0/0/0/0/0/0/610x900_66280.jpg",
            "imdb": null,
            "kinopoisk": null
        },
        {
            "id": 63338,
            "name": "Форсаж 10",
            "year": 2023,
            "quality": "FHD (1080p)",
            "genre": "Криминал, Детектив, Боевик",
            "type": "Фильмы",
            "country": "США",
            "poster": "https://img.gettyimages.site/movies/franchise/6/3/3/3/8/0/0/0/0/0/610x900_63338.jpg",
            "imdb": "6.4",
            "kinopoisk": "6.4"
        },
        {
            "id": 66286,
            "name": "Последняя ночь Аморе",
            "year": 2023,
            "quality": "FHD (1080p)",
            "genre": "Триллер, Драма",
            "type": "Фильмы",
            "country": "Италия",
            "poster": "https://img.gettyimages.site/movies/franchise/6/6/2/8/6/0/0/0/0/0/610x900_66286.jpg",
            "imdb": "7.4",
            "kinopoisk": null
        },
        {
            "id": 66287,
            "name": "Прошлые жизни",
            "year": 2023,
            "quality": "TS",
            "genre": "Мелодрама",
            "type": "Фильмы",
            "country": "США",
            "poster": "https://img.gettyimages.site/movies/franchise/6/6/2/8/7/0/0/0/0/0/610x900_66287.jpg",
            "imdb": "8.4",
            "kinopoisk": null
        },
        {
            "id": 66288,
            "name": "Колодец чудес",
            "year": 2023,
            "quality": "FHD (1080p)",
            "genre": "Фэнтези, Семейный, Драма",
            "type": "Фильмы",
            "country": "США, Италия",
            "poster": "https://img.gettyimages.site/movies/franchise/6/6/2/8/8/0/0/0/0/0/610x900_66288.jpg",
            "imdb": null,
            "kinopoisk": null
        },
        {
            "id": 61938,
            "name": "Что за люди",
            "year": 2023,
            "quality": "HD (720p)",
            "genre": "Комедия, Мелодрама",
            "type": "Фильмы",
            "country": "США",
            "poster": "https://img.gettyimages.site/movies/franchise/6/1/9/3/8/0/0/0/0/0/610x900_61938.jpg",
            "imdb": "5.6",
            "kinopoisk": "6.0"
        },
        {
            "id": 66297,
            "name": "Золотые руки",
            "year": 2023,
            "quality": "TS",
            "genre": "Комедия",
            "type": "Фильмы",
            "country": "Франция",
            "poster": "https://img.gettyimages.site/movies/franchise/6/6/2/9/7/0/0/0/0/0/610x900_66297.jpg",
            "imdb": null,
            "kinopoisk": null
        },
        {
            "id": 66299,
            "name": "200 фунтов красоты",
            "year": 2023,
            "quality": "FHD (1080p)",
            "genre": "Комедия, Мелодрама, Музыка",
            "type": "Фильмы",
            "country": "Индонезия",
            "poster": "https://img.gettyimages.site/movies/franchise/6/6/2/9/9/0/0/0/0/0/610x900_66299.jpg",
            "imdb": null,
            "kinopoisk": null
        },
        {
            "id": 66172,
            "name": "Ты ранил мои чувства",
            "year": 2023,
            "quality": "FHD (1080p)",
            "genre": "Комедия, Драма",
            "type": "Фильмы",
            "country": "США",
            "poster": "https://img.gettyimages.site/movies/franchise/6/6/1/7/2/0/0/0/0/0/610x900_66172.jpg",
            "imdb": "7.1",
            "kinopoisk": null
        },
        {
            "id": 65405,
            "name": "Слухи",
            "year": 2023,
            "quality": "FHD (1080p)",
            "genre": "Триллер, Драма",
            "type": "Фильмы",
            "country": "Индия",
            "poster": "https://img.gettyimages.site/movies/franchise/6/5/4/0/5/0/0/0/0/0/610x900_65405.jpg",
            "imdb": null,
            "kinopoisk": null
        },
        {
            "id": 66302,
            "name": "Большие",
            "year": 2023,
            "quality": "FHD (1080p)",
            "genre": "Комедия",
            "type": "Фильмы",
            "country": "Италия",
            "poster": "https://img.gettyimages.site/movies/franchise/6/6/3/0/2/0/0/0/0/0/610x900_66302.jpg",
            "imdb": null,
            "kinopoisk": null
        },
        {
            "id": 65663,
            "name": "Микулай",
            "year": 2023,
            "quality": "TS",
            "genre": "Триллер, Драма",
            "type": "Фильмы",
            "country": "Россия",
            "poster": "https://img.gettyimages.site/movies/franchise/6/5/6/6/3/0/0/0/0/0/610x900_65663.jpg",
            "imdb": null,
            "kinopoisk": "7.7"
        }
    ]
}