{
    "data": [
        {
            "id": 66177,
            "name": "Леди Дуриан",
            "year": 2023,
            "quality": "SD",
            "genre": "Фэнтези, Мелодрама",
            "type": "Сериалы",
            "country": "Корея Южная",
            "poster": "https://img.gettyimages.site/movies/franchise/6/6/1/7/7/0/0/0/0/0/610x900_66177.jpg",
            "imdb": null,
            "kinopoisk": null
        },
        {
            "id": 66306,
            "name": "Знаменитость",
            "year": 2023,
            "quality": "HD (720p)",
            "genre": "Детектив, Триллер, Драма",
            "type": "Сериалы",
            "country": "Корея Южная",
            "poster": "https://img.gettyimages.site/movies/franchise/6/6/3/0/6/0/0/0/0/0/610x900_66306.jpg",
            "imdb": "7.6",
            "kinopoisk": null
        },
        {
            "id": 66178,
            "name": "Ночи в Тефии",
            "year": 2023,
            "quality": "HD (720p)",
            "genre": "Комедия, Драма, Музыка",
            "type": "Сериалы",
            "country": "Испания",
            "poster": "https://img.gettyimages.site/movies/franchise/6/6/1/7/8/0/0/0/0/0/610x900_66178.jpg",
            "imdb": null,
            "kinopoisk": null
        },
        {
            "id": 66308,
            "name": "Чудо-братья",
            "year": 2023,
            "quality": "SD",
            "genre": "Фантастика, Детектив",
            "type": "Сериалы",
            "country": "Корея Южная",
            "poster": "https://img.gettyimages.site/movies/franchise/6/6/3/0/8/0/0/0/0/0/610x900_66308.jpg",
            "imdb": null,
            "kinopoisk": null
        },
        {
            "id": 66309,
            "name": "Крайняя необходимость",
            "year": 2023,
            "quality": "FHD (1080p)",
            "genre": "Мелодрама",
            "type": "Сериалы",
            "country": "Россия",
            "poster": "https://img.gettyimages.site/movies/franchise/6/6/3/0/9/0/0/0/0/0/610x900_66309.jpg",
            "imdb": null,
            "kinopoisk": null
        },
        {
            "id": 65804,
            "name": "Свидание с будущим",
            "year": 2023,
            "quality": "FHD (1080p)",
            "genre": "Мелодрама, Драма",
            "type": "Сериалы",
            "country": "Китай",
            "poster": "https://img.gettyimages.site/movies/franchise/6/5/8/0/4/0/0/0/0/0/610x900_65804.jpg",
            "imdb": null,
            "kinopoisk": null
        },
        {
            "id": 65548,
            "name": "Очищение",
            "year": 2023,
            "quality": "FHD (1080p)",
            "genre": "Детектив, Триллер, Драма",
            "type": "Сериалы",
            "country": "Австралия",
            "poster": "https://img.gettyimages.site/movies/franchise/6/5/5/4/8/0/0/0/0/0/610x900_65548.jpg",
            "imdb": null,
            "kinopoisk": null
        },
        {
            "id": 65688,
            "name": "Дэдлок",
            "year": 2023,
            "quality": "FHD (1080p)",
            "genre": "Комедия",
            "type": "Сериалы",
            "country": "Австралия",
            "poster": "https://img.gettyimages.site/movies/franchise/6/5/6/8/8/0/0/0/0/0/610x900_65688.jpg",
            "imdb": "6.4",
            "kinopoisk": null
        },
        {
            "id": 58277,
            "name": "Кумир",
            "year": 2023,
            "quality": "HD (720p)",
            "genre": "Драма",
            "type": "Сериалы",
            "country": "США",
            "poster": "https://img.gettyimages.site/movies/franchise/5/8/2/7/7/0/0/0/0/0/610x900_58277.jpg",
            "imdb": "4.8",
            "kinopoisk": "5.7"
        },
        {
            "id": 66220,
            "name": "Дом под двумя орлами",
            "year": 2023,
            "quality": "HD (720p)",
            "genre": "Драма",
            "type": "Сериалы",
            "country": "Польша",
            "poster": "https://img.gettyimages.site/movies/franchise/6/6/2/2/0/0/0/0/0/0/610x900_66220.jpg",
            "imdb": "7.1",
            "kinopoisk": null
        },
        {
            "id": 65582,
            "name": "Захваченный рейс",
            "year": 2023,
            "quality": "FHD (1080p)",
            "genre": "Триллер, Драма",
            "type": "Сериалы",
            "country": "США",
            "poster": "https://img.gettyimages.site/movies/franchise/6/5/5/8/2/0/0/0/0/0/610x900_65582.jpg",
            "imdb": null,
            "kinopoisk": null
        },
        {
            "id": 65715,
            "name": "Охотничьи псы",
            "year": 2023,
            "quality": "FHD (1080p)",
            "genre": "Боевик, Триллер, Драма",
            "type": "Сериалы",
            "country": "Корея Южная",
            "poster": "https://img.gettyimages.site/movies/franchise/6/5/7/1/5/0/0/0/0/0/610x900_65715.jpg",
            "imdb": "8.1",
            "kinopoisk": "8.1"
        },
        {
            "id": 63412,
            "name": "Ночной администратор",
            "year": 2023,
            "quality": "HD (720p)",
            "genre": "Криминал, Триллер",
            "type": "Сериалы",
            "country": "Индия",
            "poster": "https://img.gettyimages.site/movies/franchise/6/3/4/1/2/0/0/0/0/0/610x900_63412.jpg",
            "imdb": null,
            "kinopoisk": null
        },
        {
            "id": 66241,
            "name": "Обычный Джо",
            "year": 2023,
            "quality": "HD (720p)",
            "genre": "Комедия, Драма",
            "type": "Сериалы",
            "country": "США",
            "poster": "https://img.gettyimages.site/movies/franchise/6/6/2/4/1/0/0/0/0/0/610x900_66241.jpg",
            "imdb": null,
            "kinopoisk": null
        },
        {
            "id": 65608,
            "name": "Дневник Ризы",
            "year": 2023,
            "quality": "HD (720p)",
            "genre": "Ужасы",
            "type": "Сериалы",
            "country": "Индонезия",
            "poster": "https://img.gettyimages.site/movies/franchise/6/5/6/0/8/0/0/0/0/0/610x900_65608.jpg",
            "imdb": null,
            "kinopoisk": null
        },
        {
            "id": 66129,
            "name": "Скрытая любовь",
            "year": 2023,
            "quality": "FHD (1080p)",
            "genre": "Комедия, Мелодрама",
            "type": "Сериалы",
            "country": "Китай",
            "poster": "https://img.gettyimages.site/movies/franchise/6/6/1/2/9/0/0/0/0/0/610x900_66129.jpg",
            "imdb": null,
            "kinopoisk": null
        },
        {
            "id": 64475,
            "name": "Ходячие мертвецы: Мертвый город",
            "year": 2023,
            "quality": "FHD (1080p)",
            "genre": "Приключения, Ужасы, Триллер",
            "type": "Сериалы",
            "country": "США",
            "poster": "https://img.gettyimages.site/movies/franchise/6/4/4/7/5/0/0/0/0/0/610x900_64475.jpg",
            "imdb": "7.9",
            "kinopoisk": "6.8"
        },
        {
            "id": 66268,
            "name": "Удалить",
            "year": 2023,
            "quality": "FHD (1080p)",
            "genre": "Фантастика, Триллер",
            "type": "Сериалы",
            "country": "Таиланд",
            "poster": "https://img.gettyimages.site/movies/franchise/6/6/2/6/8/0/0/0/0/0/610x900_66268.jpg",
            "imdb": "6.1",
            "kinopoisk": null
        },
        {
            "id": 57315,
            "name": "Рыцари Готэма",
            "year": 2023,
            "quality": "HD (720p)",
            "genre": "Драма",
            "type": "Сериалы",
            "country": "США",
            "poster": "https://img.gettyimages.site/movies/franchise/5/7/3/1/5/0/0/0/0/0/610x900_57315.jpg",
            "imdb": null,
            "kinopoisk": null
        },
        {
            "id": 66030,
            "name": "Увидимся в моей 19-й жизни",
            "year": 2023,
            "quality": "FHD (1080p)",
            "genre": "Фэнтези, Комедия, Мелодрама",
            "type": "Сериалы",
            "country": "Корея Южная",
            "poster": "https://img.gettyimages.site/movies/franchise/6/6/0/3/0/0/0/0/0/0/610x900_66030.jpg",
            "imdb": null,
            "kinopoisk": null
        },
        {
            "id": 66031,
            "name": "Король земли",
            "year": 2023,
            "quality": "FHD (1080p)",
            "genre": "Комедия, Мелодрама",
            "type": "Сериалы",
            "country": "Корея Южная",
            "poster": "https://img.gettyimages.site/movies/franchise/6/6/0/3/1/0/0/0/0/0/610x900_66031.jpg",
            "imdb": null,
            "kinopoisk": null
        },
        {
            "id": 66169,
            "name": "Лорд Сюэ Ин",
            "year": 2023,
            "quality": "FHD (1080p)",
            "genre": "Фэнтези, Исторический",
            "type": "Сериалы",
            "country": "Китай",
            "poster": "https://img.gettyimages.site/movies/franchise/6/6/1/6/9/0/0/0/0/0/610x900_66169.jpg",
            "imdb": null,
            "kinopoisk": null
        },
        {
            "id": 62707,
            "name": "Мы чужие друг другу?",
            "year": 2023,
            "quality": "FHD (1080p)",
            "genre": "Комедия, Мелодрама",
            "type": "Сериалы",
            "country": "Корея Южная",
            "poster": "https://img.gettyimages.site/movies/franchise/6/2/7/0/7/0/0/0/0/0/610x900_62707.jpg",
            "imdb": null,
            "kinopoisk": null
        },
        {
            "id": 65657,
            "name": "Международная старшая школа Чондам",
            "year": 2023,
            "quality": "FHD (1080p)",
            "genre": "Триллер, Драма",
            "type": "Сериалы",
            "country": "Корея Южная",
            "poster": "https://img.gettyimages.site/movies/franchise/6/5/6/5/7/0/0/0/0/0/610x900_65657.jpg",
            "imdb": null,
            "kinopoisk": null
        },
        {
            "id": 66173,
            "name": "Злой дух / Демон",
            "year": 2023,
            "quality": "FHD (1080p)",
            "genre": "Ужасы",
            "type": "Сериалы",
            "country": "Корея Южная",
            "poster": "https://img.gettyimages.site/movies/franchise/6/6/1/7/3/0/0/0/0/0/610x900_66173.jpg",
            "imdb": null,
            "kinopoisk": null
        },
        {
            "id": 66174,
            "name": "Цифры",
            "year": 2023,
            "quality": "FHD (1080p)",
            "genre": "Драма",
            "type": "Сериалы",
            "country": "Корея Южная",
            "poster": "https://img.gettyimages.site/movies/franchise/6/6/1/7/4/0/0/0/0/0/610x900_66174.jpg",
            "imdb": null,
            "kinopoisk": null
        }
    ]
}