{
    "data": [
        {
            "id": 65607,
            "name": "Черный двор",
            "year": 2023,
            "quality": "FHD (1080p)",
            "genre": "Криминал, Драма",
            "type": "Сериалы",
            "country": "Казахстан, Киргизия",
            "poster": "https://img.gettyimages.site/movies/franchise/6/5/6/0/7/0/0/0/0/0/610x900_65607.jpg",
            "kinopoisk": "8.0",
            "imdb": null
        },
        {
            "id": 65716,
            "name": "Вика-ураган",
            "year": 2023,
            "quality": "FHD (1080p)",
            "genre": "Комедия",
            "type": "Сериалы",
            "country": "Россия",
            "poster": "https://img.gettyimages.site/movies/franchise/6/5/7/1/6/0/0/0/0/0/610x900_65716.jpg",
            "kinopoisk": "6.5",
            "imdb": null
        },
        {
            "id": 66074,
            "name": "Феникс",
            "year": 2023,
            "quality": "SD",
            "genre": "Детектив, Триллер",
            "type": "Сериалы",
            "country": "Россия",
            "poster": "https://img.gettyimages.site/movies/franchise/6/6/0/7/4/0/0/0/0/0/610x900_66074.jpg",
            "kinopoisk": null,
            "imdb": null
        },
        {
            "id": 63834,
            "name": "Бункер",
            "year": 2023,
            "quality": "FHD (1080p)",
            "genre": "Фантастика, Триллер, Драма",
            "type": "Сериалы",
            "country": "США",
            "poster": "https://img.gettyimages.site/movies/franchise/6/3/8/3/4/0/0/0/0/0/610x900_63834.jpg",
            "kinopoisk": "8.2",
            "imdb": "8.4"
        },
        {
            "id": 65719,
            "name": "Райцентр",
            "year": 2023,
            "quality": "FHD (1080p)",
            "genre": "Комедия, Триллер",
            "type": "Сериалы",
            "country": "Россия",
            "poster": "https://img.gettyimages.site/movies/franchise/6/5/7/1/9/0/0/0/0/0/610x900_65719.jpg",
            "kinopoisk": null,
            "imdb": null
        },
        {
            "id": 65144,
            "name": "Кошка",
            "year": 2023,
            "quality": "FHD (1080p)",
            "genre": "Криминал, Детектив, Триллер, Драма",
            "type": "Сериалы",
            "country": "Россия",
            "poster": "https://img.gettyimages.site/movies/franchise/6/5/1/4/4/0/0/0/0/0/610x900_65144.jpg",
            "kinopoisk": "6.3",
            "imdb": null
        },
        {
            "id": 65718,
            "name": "Открытый брак",
            "year": 2023,
            "quality": "FHD (1080p)",
            "genre": "Комедия, Мелодрама",
            "type": "Сериалы",
            "country": "Россия",
            "poster": "https://img.gettyimages.site/movies/franchise/6/5/7/1/8/0/0/0/0/0/610x900_65718.jpg",
            "kinopoisk": "6.9",
            "imdb": null
        },
        {
            "id": 64005,
            "name": "Жить жизнь",
            "year": 2023,
            "quality": "FHD (1080p)",
            "genre": "Триллер",
            "type": "Сериалы",
            "country": "Россия",
            "poster": "https://img.gettyimages.site/movies/franchise/6/4/0/0/5/0/0/0/0/0/610x900_64005.jpg",
            "kinopoisk": "6.5",
            "imdb": null
        },
        {
            "id": 65142,
            "name": "Балет",
            "year": 2023,
            "quality": "FHD (1080p)",
            "genre": "Драма",
            "type": "Сериалы",
            "country": "Россия",
            "poster": "https://img.gettyimages.site/movies/franchise/6/5/1/4/2/0/0/0/0/0/610x900_65142.jpg",
            "kinopoisk": "7.2",
            "imdb": null
        },
        {
            "id": 59707,
            "name": "Секретное вторжение",
            "year": 2023,
            "quality": "FHD (1080p)",
            "genre": "Приключения, Фантастика, Боевик, Драма",
            "type": "Сериалы",
            "country": "США",
            "poster": "https://img.gettyimages.site/movies/franchise/5/9/7/0/7/0/0/0/0/0/610x900_59707.jpg",
            "kinopoisk": "5.9",
            "imdb": "7.6"
        },
        {
            "id": 64095,
            "name": "Чужой",
            "year": 2023,
            "quality": "FHD (1080p)",
            "genre": "Детектив, Драма",
            "type": "Сериалы",
            "country": "Россия",
            "poster": "https://img.gettyimages.site/movies/franchise/6/4/0/9/5/0/0/0/0/0/610x900_64095.jpg",
            "kinopoisk": "7.3",
            "imdb": null
        },
        {
            "id": 66073,
            "name": "Ухожу красиво",
            "year": 2023,
            "quality": "SD",
            "genre": "Комедия",
            "type": "Сериалы",
            "country": "Россия",
            "poster": "https://img.gettyimages.site/movies/franchise/6/6/0/7/3/0/0/0/0/0/610x900_66073.jpg",
            "kinopoisk": null,
            "imdb": null
        },
        {
            "id": 52829,
            "name": "Одни из нас",
            "year": 2023,
            "quality": "FHD (1080p)",
            "genre": "Приключения, Ужасы, Фантастика, Боевик, Триллер, Драма",
            "type": "Сериалы",
            "country": "Канада, США",
            "poster": "https://img.gettyimages.site/movies/franchise/5/2/8/2/9/0/0/0/0/0/610x900_52829.jpg",
            "kinopoisk": "8.8",
            "imdb": "9.5"
        },
        {
            "id": 65893,
            "name": "Кино про бандитов",
            "year": 2023,
            "quality": "SD",
            "genre": "Криминал, Комедия",
            "type": "Сериалы",
            "country": "Россия",
            "poster": "https://img.gettyimages.site/movies/franchise/6/5/8/9/3/0/0/0/0/0/610x900_65893.jpg",
            "kinopoisk": null,
            "imdb": null
        },
        {
            "id": 66195,
            "name": "Цена",
            "year": 2023,
            "quality": "FHD (1080p)",
            "genre": "Драма",
            "type": "Сериалы",
            "country": "Турция",
            "poster": "https://img.gettyimages.site/movies/franchise/6/6/1/9/5/0/0/0/0/0/610x900_66195.jpg",
            "kinopoisk": null,
            "imdb": "6.6"
        },
        {
            "id": 63135,
            "name": "Король и Шут",
            "year": 2023,
            "quality": "FHD (1080p)",
            "genre": "Биографический, Драма, Музыка",
            "type": "Сериалы",
            "country": "Россия",
            "poster": "https://img.gettyimages.site/movies/franchise/6/3/1/3/5/0/0/0/0/0/610x900_63135.jpg",
            "kinopoisk": "8.3",
            "imdb": null
        },
        {
            "id": 65568,
            "name": "СССР",
            "year": 2023,
            "quality": "FHD (1080p)",
            "genre": "Мелодрама",
            "type": "Сериалы",
            "country": "Россия",
            "poster": "https://img.gettyimages.site/movies/franchise/6/5/5/6/8/0/0/0/0/0/610x900_65568.jpg",
            "kinopoisk": null,
            "imdb": null
        },
        {
            "id": 64475,
            "name": "Ходячие мертвецы: Мертвый город",
            "year": 2023,
            "quality": "FHD (1080p)",
            "genre": "Приключения, Ужасы, Триллер",
            "type": "Сериалы",
            "country": "США",
            "poster": "https://img.gettyimages.site/movies/franchise/6/4/4/7/5/0/0/0/0/0/610x900_64475.jpg",
            "kinopoisk": "6.8",
            "imdb": "7.9"
        },
        {
            "id": 65582,
            "name": "Захваченный рейс",
            "year": 2023,
            "quality": "FHD (1080p)",
            "genre": "Триллер, Драма",
            "type": "Сериалы",
            "country": "США",
            "poster": "https://img.gettyimages.site/movies/franchise/6/5/5/8/2/0/0/0/0/0/610x900_65582.jpg",
            "kinopoisk": null,
            "imdb": null
        },
        {
            "id": 64551,
            "name": "Гюльджемаль",
            "year": 2023,
            "quality": "FHD (1080p)",
            "genre": "Драма",
            "type": "Сериалы",
            "country": "Турция",
            "poster": "https://img.gettyimages.site/movies/franchise/6/4/5/5/1/0/0/0/0/0/610x900_64551.jpg",
            "kinopoisk": null,
            "imdb": null
        },
        {
            "id": 65892,
            "name": "Эффект домино",
            "year": 2023,
            "quality": "SD",
            "genre": "Криминал, Драма",
            "type": "Сериалы",
            "country": "Россия",
            "poster": "https://img.gettyimages.site/movies/franchise/6/5/8/9/2/0/0/0/0/0/610x900_65892.jpg",
            "kinopoisk": null,
            "imdb": null
        },
        {
            "id": 57315,
            "name": "Рыцари Готэма",
            "year": 2023,
            "quality": "HD (720p)",
            "genre": "Драма",
            "type": "Сериалы",
            "country": "США",
            "poster": "https://img.gettyimages.site/movies/franchise/5/7/3/1/5/0/0/0/0/0/610x900_57315.jpg",
            "kinopoisk": null,
            "imdb": null
        },
        {
            "id": 64045,
            "name": "Библиотекарь",
            "year": 2023,
            "quality": "FHD (1080p)",
            "genre": "Фэнтези, Детектив",
            "type": "Сериалы",
            "country": "Россия",
            "poster": "https://img.gettyimages.site/movies/franchise/6/4/0/4/5/0/0/0/0/0/610x900_64045.jpg",
            "kinopoisk": null,
            "imdb": null
        },
        {
            "id": 64539,
            "name": "Задача трёх тел",
            "year": 2023,
            "quality": "FHD (1080p)",
            "genre": "Фантастика, Детектив, Триллер, Драма",
            "type": "Сериалы",
            "country": "Китай",
            "poster": "https://img.gettyimages.site/movies/franchise/6/4/5/3/9/0/0/0/0/0/610x900_64539.jpg",
            "kinopoisk": "8.1",
            "imdb": "7.9"
        },
        {
            "id": 65270,
            "name": "Плейлист волонтёра",
            "year": 2023,
            "quality": "FHD (1080p)",
            "genre": "Драма",
            "type": "Сериалы",
            "country": "Россия",
            "poster": "https://img.gettyimages.site/movies/franchise/6/5/2/7/0/0/0/0/0/0/610x900_65270.jpg",
            "kinopoisk": "7.8",
            "imdb": null
        },
        {
            "id": 63865,
            "name": "Семья",
            "year": 2023,
            "quality": "FHD (1080p)",
            "genre": "Криминал, Боевик, Мелодрама, Драма",
            "type": "Сериалы",
            "country": "Турция",
            "poster": "https://img.gettyimages.site/movies/franchise/6/3/8/6/5/0/0/0/0/0/610x900_63865.jpg",
            "kinopoisk": null,
            "imdb": null
        },
        {
            "id": 64156,
            "name": "Мерзлая земля",
            "year": 2023,
            "quality": "FHD (1080p)",
            "genre": "Триллер, Драма",
            "type": "Сериалы",
            "country": "Россия",
            "poster": "https://img.gettyimages.site/movies/franchise/6/4/1/5/6/0/0/0/0/0/610x900_64156.jpg",
            "kinopoisk": "7.1",
            "imdb": null
        },
        {
            "id": 66196,
            "name": "Мститель. Страшный лес",
            "year": 2023,
            "quality": "FHD (1080p)",
            "genre": "Криминал, Боевик, Драма",
            "type": "Сериалы",
            "country": "Россия",
            "poster": "https://img.gettyimages.site/movies/franchise/6/6/1/9/6/0/0/0/0/0/610x900_66196.jpg",
            "kinopoisk": null,
            "imdb": null
        },
        {
            "id": 65626,
            "name": "Военная полиция",
            "year": 2023,
            "quality": "SD",
            "genre": "Детектив, Боевик",
            "type": "Сериалы",
            "country": "Россия",
            "poster": "https://img.gettyimages.site/movies/franchise/6/5/6/2/6/0/0/0/0/0/610x900_65626.jpg",
            "kinopoisk": null,
            "imdb": null
        },
        {
            "id": 65394,
            "name": "Юность",
            "year": 2023,
            "quality": "FHD (1080p)",
            "genre": "Комедия",
            "type": "Сериалы",
            "country": "Россия",
            "poster": "https://img.gettyimages.site/movies/franchise/6/5/3/9/4/0/0/0/0/0/610x900_65394.jpg",
            "kinopoisk": "7.2",
            "imdb": null
        },
        {
            "id": 65581,
            "name": "Бэби-тур",
            "year": 2023,
            "quality": "FHD (1080p)",
            "genre": "Комедия",
            "type": "Сериалы",
            "country": "Россия",
            "poster": "https://img.gettyimages.site/movies/franchise/6/5/5/8/1/0/0/0/0/0/610x900_65581.jpg",
            "kinopoisk": null,
            "imdb": null
        },
        {
            "id": 63733,
            "name": "Кафе «Куба»",
            "year": 2023,
            "quality": "FHD (1080p)",
            "genre": "Комедия",
            "type": "Сериалы",
            "country": "Россия",
            "poster": "https://img.gettyimages.site/movies/franchise/6/3/7/3/3/0/0/0/0/0/610x900_63733.jpg",
            "kinopoisk": "6.9",
            "imdb": null
        },
        {
            "id": 65139,
            "name": "Королева Шарлотта: История Бриджертонов",
            "year": 2023,
            "quality": "FHD (1080p)",
            "genre": "Исторический, Биографический, Мелодрама, Драма",
            "type": "Сериалы",
            "country": "США",
            "poster": "https://img.gettyimages.site/movies/franchise/6/5/1/3/9/0/0/0/0/0/610x900_65139.jpg",
            "kinopoisk": null,
            "imdb": null
        },
        {
            "id": 64969,
            "name": "Мосгаз. Последнее дело Черкасова",
            "year": 2023,
            "quality": "HD (720p)",
            "genre": "Криминал, Детектив",
            "type": "Сериалы",
            "country": "Россия",
            "poster": "https://img.gettyimages.site/movies/franchise/6/4/9/6/9/0/0/0/0/0/610x900_64969.jpg",
            "kinopoisk": null,
            "imdb": null
        },
        {
            "id": 66222,
            "name": "Операция «Престол»",
            "year": 2023,
            "quality": "FHD (1080p)",
            "genre": "Детектив",
            "type": "Сериалы",
            "country": "Россия",
            "poster": "https://img.gettyimages.site/movies/franchise/6/6/2/2/2/0/0/0/0/0/610x900_66222.jpg",
            "kinopoisk": null,
            "imdb": null
        },
        {
            "id": 58277,
            "name": "Кумир",
            "year": 2023,
            "quality": "FHD (1080p)",
            "genre": "Драма",
            "type": "Сериалы",
            "country": "США",
            "poster": "https://img.gettyimages.site/movies/franchise/5/8/2/7/7/0/0/0/0/0/610x900_58277.jpg",
            "kinopoisk": "5.7",
            "imdb": "4.8"
        },
        {
            "id": 64266,
            "name": "Любовь и смерть",
            "year": 2023,
            "quality": "HD (720p)",
            "genre": "Криминал, Исторический, Биографический, Детектив, Триллер, Драма",
            "type": "Сериалы",
            "country": "США",
            "poster": "https://img.gettyimages.site/movies/franchise/6/4/2/6/6/0/0/0/0/0/610x900_64266.jpg",
            "kinopoisk": null,
            "imdb": null
        },
        {
            "id": 63633,
            "name": "Фубар",
            "year": 2023,
            "quality": "FHD (1080p)",
            "genre": "Приключения, Боевик, Триллер",
            "type": "Сериалы",
            "country": "США",
            "poster": "https://img.gettyimages.site/movies/franchise/6/3/6/3/3/0/0/0/0/0/610x900_63633.jpg",
            "kinopoisk": "6.1",
            "imdb": "6.5"
        },
        {
            "id": 65315,
            "name": "Переполненная комната",
            "year": 2023,
            "quality": "FHD (1080p)",
            "genre": "Криминал, Биографический",
            "type": "Сериалы",
            "country": "США",
            "poster": "https://img.gettyimages.site/movies/franchise/6/5/3/1/5/0/0/0/0/0/610x900_65315.jpg",
            "kinopoisk": "7.0",
            "imdb": "6.9"
        },
        {
            "id": 66161,
            "name": "Кто сам упал, тот не плачет",
            "year": 2023,
            "quality": "FHD (1080p)",
            "genre": "Мелодрама",
            "type": "Сериалы",
            "country": "Турция",
            "poster": "https://img.gettyimages.site/movies/franchise/6/6/1/6/1/0/0/0/0/0/610x900_66161.jpg",
            "kinopoisk": null,
            "imdb": null
        },
        {
            "id": 65387,
            "name": "Трейдер",
            "year": 2023,
            "quality": "SD",
            "genre": "Детектив, Драма",
            "type": "Сериалы",
            "country": "Россия",
            "poster": "https://img.gettyimages.site/movies/franchise/6/5/3/8/7/0/0/0/0/0/610x900_65387.jpg",
            "kinopoisk": "7.7",
            "imdb": null
        },
        {
            "id": 64155,
            "name": "Стражник",
            "year": 2023,
            "quality": "SD",
            "genre": "Криминал, Детектив, Триллер, Драма",
            "type": "Сериалы",
            "country": "Россия",
            "poster": "https://img.gettyimages.site/movies/franchise/6/4/1/5/5/0/0/0/0/0/610x900_64155.jpg",
            "kinopoisk": null,
            "imdb": null
        },
        {
            "id": 63675,
            "name": "Меня зовут Фарах",
            "year": 2023,
            "quality": "FHD (1080p)",
            "genre": "Криминал, Триллер, Драма",
            "type": "Сериалы",
            "country": "Турция",
            "poster": "https://img.gettyimages.site/movies/franchise/6/3/6/7/5/0/0/0/0/0/610x900_63675.jpg",
            "kinopoisk": null,
            "imdb": "7.6"
        },
        {
            "id": 63543,
            "name": "Аутсайдер",
            "year": 2023,
            "quality": "SD",
            "genre": "Детектив",
            "type": "Сериалы",
            "country": "Россия",
            "poster": "https://img.gettyimages.site/movies/franchise/6/3/5/4/3/0/0/0/0/0/610x900_63543.jpg",
            "kinopoisk": null,
            "imdb": null
        },
        {
            "id": 65386,
            "name": "Борщи",
            "year": 2023,
            "quality": "FHD (1080p)",
            "genre": "Криминал, Детектив, Комедия, Драма",
            "type": "Сериалы",
            "country": "Россия",
            "poster": "https://img.gettyimages.site/movies/franchise/6/5/3/8/6/0/0/0/0/0/610x900_65386.jpg",
            "kinopoisk": null,
            "imdb": null
        },
        {
            "id": 64190,
            "name": "Шпион",
            "year": 2023,
            "quality": "FHD (1080p)",
            "genre": "Детектив",
            "type": "Сериалы",
            "country": "Россия",
            "poster": "https://img.gettyimages.site/movies/franchise/6/4/1/9/0/0/0/0/0/0/610x900_64190.jpg",
            "kinopoisk": "7.7",
            "imdb": null
        },
        {
            "id": 63650,
            "name": "Прощальное письмо",
            "year": 2023,
            "quality": "FHD (1080p)",
            "genre": "Мелодрама",
            "type": "Сериалы",
            "country": "Турция",
            "poster": "https://img.gettyimages.site/movies/franchise/6/3/6/5/0/0/0/0/0/0/610x900_63650.jpg",
            "kinopoisk": null,
            "imdb": null
        },
        {
            "id": 64722,
            "name": "Крутые меры",
            "year": 2023,
            "quality": "FHD (1080p)",
            "genre": "Криминал, Боевик",
            "type": "Сериалы",
            "country": "Россия",
            "poster": "https://img.gettyimages.site/movies/franchise/6/4/7/2/2/0/0/0/0/0/610x900_64722.jpg",
            "kinopoisk": null,
            "imdb": null
        },
        {
            "id": 66031,
            "name": "Король земли",
            "year": 2023,
            "quality": "FHD (1080p)",
            "genre": "Комедия, Мелодрама",
            "type": "Сериалы",
            "country": "Корея Южная",
            "poster": "https://img.gettyimages.site/movies/franchise/6/6/0/3/1/0/0/0/0/0/610x900_66031.jpg",
            "kinopoisk": null,
            "imdb": null
        },
        {
            "id": 64006,
            "name": "Операция «Неман»",
            "year": 2023,
            "quality": "FHD (1080p)",
            "genre": "Военный, Исторический, Драма",
            "type": "Сериалы",
            "country": "Россия",
            "poster": "https://img.gettyimages.site/movies/franchise/6/4/0/0/6/0/0/0/0/0/610x900_64006.jpg",
            "kinopoisk": null,
            "imdb": null
        }
    ]
}