{
    "data": [
        {
            "id": 64672,
            "name": "Звёздное дитя / Ребенок идола",
            "year": 2023,
            "quality": "FHD (1080p)",
            "genre": "Приключения",
            "type": "Аниме-сериалы",
            "country": "Япония",
            "poster": "https://img.gettyimages.site/movies/franchise/6/4/6/7/2/0/0/0/0/0/610x900_64672.jpg",
            "imdb": null,
            "kinopoisk": null
        },
        {
            "id": 64367,
            "name": "Адский рай",
            "year": 2023,
            "quality": "FHD (1080p)",
            "genre": "Приключения, Фэнтези, Боевик",
            "type": "Аниме-сериалы",
            "country": "Япония",
            "poster": "https://img.gettyimages.site/movies/franchise/6/4/3/6/7/0/0/0/0/0/610x900_64367.jpg",
            "imdb": "8.8",
            "kinopoisk": null
        },
        {
            "id": 64406,
            "name": "Я получил читерские способности в другом мире и стал экстраординарным в реальном мире: История о том, как повышение уровня изменило мою жизнь",
            "year": 2023,
            "quality": "HD (720p)",
            "genre": "Приключения, Фэнтези",
            "type": "Аниме-сериалы",
            "country": "Япония",
            "poster": "https://img.gettyimages.site/movies/franchise/6/4/4/0/6/0/0/0/0/0/610x900_64406.jpg",
            "imdb": null,
            "kinopoisk": null
        },
        {
            "id": 64557,
            "name": "Магия и мускулы",
            "year": 2023,
            "quality": "FHD (1080p)",
            "genre": "Приключения",
            "type": "Аниме-сериалы",
            "country": "Япония",
            "poster": "https://img.gettyimages.site/movies/franchise/6/4/5/5/7/0/0/0/0/0/610x900_64557.jpg",
            "imdb": null,
            "kinopoisk": null
        },
        {
            "id": 64371,
            "name": "Невообразимые приключения перерождённого дворянина",
            "year": 2023,
            "quality": "FHD (1080p)",
            "genre": "Фэнтези",
            "type": "Аниме-сериалы",
            "country": "Япония",
            "poster": "https://img.gettyimages.site/movies/franchise/6/4/3/7/1/0/0/0/0/0/610x900_64371.jpg",
            "imdb": null,
            "kinopoisk": null
        },
        {
            "id": 62513,
            "name": "Кулинарные скитания в параллельном мире",
            "year": 2023,
            "quality": "FHD (1080p)",
            "genre": "Приключения, Фэнтези",
            "type": "Аниме-сериалы",
            "country": "Япония",
            "poster": "https://img.gettyimages.site/movies/franchise/6/2/5/1/3/0/0/0/0/0/610x900_62513.jpg",
            "imdb": "8.0",
            "kinopoisk": null
        },
        {
            "id": 64365,
            "name": "Великая небесная стена",
            "year": 2023,
            "quality": "FHD (1080p)",
            "genre": "Приключения, Фантастика",
            "type": "Аниме-сериалы",
            "country": "Япония",
            "poster": "https://img.gettyimages.site/movies/franchise/6/4/3/6/5/0/0/0/0/0/610x900_64365.jpg",
            "imdb": "9.1",
            "kinopoisk": null
        },
        {
            "id": 64894,
            "name": "Причина полюбить её",
            "year": 2023,
            "quality": "FHD (1080p)",
            "genre": "Мелодрама, Драма",
            "type": "Аниме-сериалы",
            "country": "Китай",
            "poster": "https://img.gettyimages.site/movies/franchise/6/4/8/9/4/0/0/0/0/0/610x900_64894.webp",
            "imdb": null,
            "kinopoisk": "8.2"
        },
        {
            "id": 64809,
            "name": "Принесённая в жертву Принцесса и Царь зверей",
            "year": 2023,
            "quality": "FHD (1080p)",
            "genre": "Фэнтези, Мелодрама",
            "type": "Аниме-сериалы",
            "country": "Япония",
            "poster": "https://img.gettyimages.site/movies/franchise/6/4/8/0/9/0/0/0/0/0/610x900_64809.webp",
            "imdb": null,
            "kinopoisk": null
        },
        {
            "id": 64808,
            "name": "Я не посредственность, я просто дикий монстр",
            "year": 2023,
            "quality": null,
            "genre": "Приключения, Фэнтези, Комедия",
            "type": "Аниме-сериалы",
            "country": "Япония",
            "poster": "https://img.gettyimages.site/movies/franchise/6/4/8/0/8/0/0/0/0/0/610x900_64808.jpg",
            "imdb": null,
            "kinopoisk": null
        },
        {
            "id": 64615,
            "name": "Смертельная игра мёртвой горы",
            "year": 2023,
            "quality": "FHD (1080p)",
            "genre": "Фэнтези",
            "type": "Аниме-сериалы",
            "country": "Япония",
            "poster": "https://img.gettyimages.site/movies/franchise/6/4/6/1/5/0/0/0/0/0/610x900_64615.webp",
            "imdb": null,
            "kinopoisk": null
        },
        {
            "id": 65199,
            "name": "Единорог: Вечные воины",
            "year": 2023,
            "quality": "FHD (1080p)",
            "genre": "Приключения, Фэнтези, Боевик, Драма",
            "type": "Аниме-сериалы",
            "country": "США",
            "poster": "https://img.gettyimages.site/movies/franchise/6/5/1/9/9/0/0/0/0/0/610x900_65199.jpg",
            "imdb": "8.9",
            "kinopoisk": null
        },
        {
            "id": 64792,
            "name": "Светлый пепел луны",
            "year": 2023,
            "quality": "FHD (1080p)",
            "genre": "Фэнтези, Мелодрама",
            "type": "Аниме-сериалы",
            "country": "Китай",
            "poster": "https://img.gettyimages.site/movies/franchise/6/4/7/9/2/0/0/0/0/0/610x900_64792.jpg",
            "imdb": "9.0",
            "kinopoisk": null
        },
        {
            "id": 64540,
            "name": "Деятельность Бога в мире без богов",
            "year": 2023,
            "quality": "FHD (1080p)",
            "genre": "Приключения, Фэнтези, Комедия",
            "type": "Аниме-сериалы",
            "country": "Япония",
            "poster": "https://img.gettyimages.site/movies/franchise/6/4/5/4/0/0/0/0/0/0/610x900_64540.jpg",
            "imdb": null,
            "kinopoisk": null
        },
        {
            "id": 62405,
            "name": "Ангел по соседству",
            "year": 2023,
            "quality": "FHD (1080p)",
            "genre": "Мелодрама",
            "type": "Аниме-сериалы",
            "country": "Япония",
            "poster": "https://img.gettyimages.site/movies/franchise/6/2/4/0/5/0/0/0/0/0/610x900_62405.jpg",
            "imdb": "8.1",
            "kinopoisk": null
        },
        {
            "id": 64366,
            "name": "Моя любовь девятьсот девяносто девятого уровня к Ямаде",
            "year": 2023,
            "quality": "FHD (1080p)",
            "genre": "Комедия, Мелодрама",
            "type": "Аниме-сериалы",
            "country": "Япония",
            "poster": "https://img.gettyimages.site/movies/franchise/6/4/3/6/6/0/0/0/0/0/610x900_64366.jpg",
            "imdb": "8.5",
            "kinopoisk": null
        },
        {
            "id": 64570,
            "name": "Призванный в другой мир во второй раз",
            "year": 2023,
            "quality": "HD (720p)",
            "genre": "Приключения, Комедия, Мелодрама",
            "type": "Аниме-сериалы",
            "country": "Япония",
            "poster": "https://img.gettyimages.site/movies/franchise/6/4/5/7/0/0/0/0/0/0/610x900_64570.jpg",
            "imdb": null,
            "kinopoisk": null
        },
        {
            "id": 62398,
            "name": "Стать любимой собачкой",
            "year": 2023,
            "quality": "FHD (1080p)",
            "genre": "Фэнтези, Комедия",
            "type": "Аниме-сериалы",
            "country": "Япония",
            "poster": "https://img.gettyimages.site/movies/franchise/6/2/3/9/8/0/0/0/0/0/610x900_62398.jpg",
            "imdb": "5.1",
            "kinopoisk": null
        },
        {
            "id": 62409,
            "name": "Мой братик теперь не братик!",
            "year": 2023,
            "quality": "FHD (1080p)",
            "genre": "Фэнтези, Комедия",
            "type": "Аниме-сериалы",
            "country": "Япония",
            "poster": "https://img.gettyimages.site/movies/franchise/6/2/4/0/9/0/0/0/0/0/610x900_62409.jpg",
            "imdb": "5.8",
            "kinopoisk": null
        },
        {
            "id": 62399,
            "name": "Волшебник ледяного клинка правит миром",
            "year": 2023,
            "quality": "FHD (1080p)",
            "genre": "Фэнтези",
            "type": "Аниме-сериалы",
            "country": "Япония",
            "poster": "https://img.gettyimages.site/movies/franchise/6/2/3/9/9/0/0/0/0/0/610x900_62399.jpg",
            "imdb": "7.6",
            "kinopoisk": null
        },
        {
            "id": 64498,
            "name": "Герой мёртв!",
            "year": 2023,
            "quality": "HD (720p)",
            "genre": "Приключения",
            "type": "Аниме-сериалы",
            "country": "Япония",
            "poster": "https://img.gettyimages.site/movies/franchise/6/4/4/9/8/0/0/0/0/0/610x900_64498.jpg",
            "imdb": null,
            "kinopoisk": null
        },
        {
            "id": 64554,
            "name": "Другой мир и сестра, которая убивает с одного удара",
            "year": 2023,
            "quality": "FHD (1080p)",
            "genre": "Приключения",
            "type": "Аниме-сериалы",
            "country": "Япония",
            "poster": "https://img.gettyimages.site/movies/franchise/6/4/5/5/4/0/0/0/0/0/610x900_64554.webp",
            "imdb": null,
            "kinopoisk": null
        },
        {
            "id": 64673,
            "name": "Черный Коготь",
            "year": 2023,
            "quality": "HD (720p)",
            "genre": "Приключения",
            "type": "Аниме-сериалы",
            "country": "Япония",
            "poster": "https://img.gettyimages.site/movies/franchise/6/4/6/7/3/0/0/0/0/0/610x900_64673.jpg",
            "imdb": null,
            "kinopoisk": null
        },
        {
            "id": 62402,
            "name": "Неспешная жизнь уволенного тёмного солдата",
            "year": 2023,
            "quality": "FHD (1080p)",
            "genre": "Приключения, Фэнтези, Комедия, Драма",
            "type": "Аниме-сериалы",
            "country": "Япония",
            "poster": "https://img.gettyimages.site/movies/franchise/6/2/4/0/2/0/0/0/0/0/610x900_62402.jpg",
            "imdb": "6.7",
            "kinopoisk": null
        },
        {
            "id": 64612,
            "name": "Невеста герцога по контракту",
            "year": 2023,
            "quality": "FHD (1080p)",
            "genre": "Фэнтези, Мелодрама",
            "type": "Аниме-сериалы",
            "country": "Япония",
            "poster": "https://img.gettyimages.site/movies/franchise/6/4/6/1/2/0/0/0/0/0/610x900_64612.webp",
            "imdb": null,
            "kinopoisk": null
        },
        {
            "id": 62408,
            "name": "Папаши-дружбаны",
            "year": 2023,
            "quality": "FHD (1080p)",
            "genre": "Криминал, Комедия, Боевик",
            "type": "Аниме-сериалы",
            "country": "Япония",
            "poster": "https://img.gettyimages.site/movies/franchise/6/2/4/0/8/0/0/0/0/0/610x900_62408.jpg",
            "imdb": "8.1",
            "kinopoisk": null
        },
        {
            "id": 64467,
            "name": "Одаривая этот замечательный мир взрывами!",
            "year": 2023,
            "quality": "FHD (1080p)",
            "genre": "Фэнтези",
            "type": "Аниме-сериалы",
            "country": "Япония",
            "poster": "https://img.gettyimages.site/movies/franchise/6/4/4/6/7/0/0/0/0/0/610x900_64467.jpg",
            "imdb": null,
            "kinopoisk": null
        },
        {
            "id": 64364,
            "name": "Опасность в моем сердце",
            "year": 2023,
            "quality": "FHD (1080p)",
            "genre": "Комедия",
            "type": "Аниме-сериалы",
            "country": "Япония",
            "poster": "https://img.gettyimages.site/movies/franchise/6/4/3/6/4/0/0/0/0/0/610x900_64364.jpg",
            "imdb": "8.3",
            "kinopoisk": null
        },
        {
            "id": 62406,
            "name": "Триган: Ураган",
            "year": 2023,
            "quality": "FHD (1080p)",
            "genre": "Приключения, Фантастика, Комедия, Боевик",
            "type": "Аниме-сериалы",
            "country": "Япония",
            "poster": "https://img.gettyimages.site/movies/franchise/6/2/4/0/6/0/0/0/0/0/610x900_62406.jpg",
            "imdb": null,
            "kinopoisk": null
        },
        {
            "id": 62401,
            "name": "Мастер на все руки Саито в другом мире",
            "year": 2023,
            "quality": "FHD (1080p)",
            "genre": "Приключения, Фэнтези, Комедия",
            "type": "Аниме-сериалы",
            "country": "Япония",
            "poster": "https://img.gettyimages.site/movies/franchise/6/2/4/0/1/0/0/0/0/0/610x900_62401.jpg",
            "imdb": null,
            "kinopoisk": null
        },
        {
            "id": 64639,
            "name": "Маргинальная служба",
            "year": 2023,
            "quality": "HD (720p)",
            "genre": "Комедия",
            "type": "Аниме-сериалы",
            "country": "Япония",
            "poster": "https://img.gettyimages.site/movies/franchise/6/4/6/3/9/0/0/0/0/0/610x900_64639.jpg",
            "imdb": null,
            "kinopoisk": null
        },
        {
            "id": 64567,
            "name": "Галактика по соседству",
            "year": 2023,
            "quality": "FHD (1080p)",
            "genre": "Фэнтези, Комедия, Мелодрама",
            "type": "Аниме-сериалы",
            "country": "Япония",
            "poster": "https://img.gettyimages.site/movies/franchise/6/4/5/6/7/0/0/0/0/0/610x900_64567.jpg",
            "imdb": null,
            "kinopoisk": null
        },
        {
            "id": 65459,
            "name": "Якитори",
            "year": 2023,
            "quality": null,
            "genre": "Фантастика, Боевик",
            "type": "Аниме-сериалы",
            "country": "Япония",
            "poster": "https://img.gettyimages.site/movies/franchise/6/5/4/5/9/0/0/0/0/0/610x900_65459.jpg",
            "imdb": null,
            "kinopoisk": null
        },
        {
            "id": 64593,
            "name": "Слишком милый кризис",
            "year": 2023,
            "quality": "FHD (1080p)",
            "genre": "Фантастика, Комедия",
            "type": "Аниме-сериалы",
            "country": "Япония",
            "poster": "https://img.gettyimages.site/movies/franchise/6/4/5/9/3/0/0/0/0/0/610x900_64593.jpg",
            "imdb": null,
            "kinopoisk": null
        },
        {
            "id": 64614,
            "name": "Бессонница после школы",
            "year": 2023,
            "quality": "HD (720p)",
            "genre": "Мелодрама, Драма",
            "type": "Аниме-сериалы",
            "country": "Япония",
            "poster": "https://img.gettyimages.site/movies/franchise/6/4/6/1/4/0/0/0/0/0/610x900_64614.jpg",
            "imdb": null,
            "kinopoisk": null
        },
        {
            "id": 64653,
            "name": "Тень любви в тайной комнате",
            "year": 2023,
            "quality": "HD (720p)",
            "genre": "Детектив",
            "type": "Аниме-сериалы",
            "country": "Япония",
            "poster": "https://img.gettyimages.site/movies/franchise/6/4/6/5/3/0/0/0/0/0/610x900_64653.webp",
            "imdb": null,
            "kinopoisk": null
        },
        {
            "id": 66176,
            "name": "Боевой континент 2: Непревзойдённый клан Та",
            "year": 2023,
            "quality": "HD (720p)",
            "genre": "Мелодрама",
            "type": "Аниме-сериалы",
            "country": "Япония",
            "poster": "https://img.gettyimages.site/movies/franchise/6/6/1/7/6/0/0/0/0/0/610x900_66176.jpg",
            "imdb": null,
            "kinopoisk": null
        },
        {
            "id": 66313,
            "name": "На самом деле я самый сильный",
            "year": 2023,
            "quality": "HD (720p)",
            "genre": "Приключения",
            "type": "Аниме-сериалы",
            "country": "Япония",
            "poster": "https://img.gettyimages.site/movies/franchise/6/6/3/1/3/0/0/0/0/0/610x900_66313.jpeg",
            "imdb": null,
            "kinopoisk": null
        },
        {
            "id": 62407,
            "name": "Сказка о сахарном яблоке",
            "year": 2023,
            "quality": "FHD (1080p)",
            "genre": "Приключения, Фэнтези, Мелодрама",
            "type": "Аниме-сериалы",
            "country": "Япония",
            "poster": "https://img.gettyimages.site/movies/franchise/6/2/4/0/7/0/0/0/0/0/610x900_62407.jpg",
            "imdb": "7.3",
            "kinopoisk": null
        },
        {
            "id": 62276,
            "name": "Авантюристы, которые не верят в человечество, спасут мир",
            "year": 2023,
            "quality": "FHD (1080p)",
            "genre": "Приключения, Фэнтези",
            "type": "Аниме-сериалы",
            "country": "Япония",
            "poster": "https://img.gettyimages.site/movies/franchise/6/2/2/7/6/0/0/0/0/0/610x900_62276.jpg",
            "imdb": "7.4",
            "kinopoisk": null
        },
        {
            "id": 62449,
            "name": "История о мононокэ",
            "year": 2023,
            "quality": "FHD (1080p)",
            "genre": "Приключения",
            "type": "Аниме-сериалы",
            "country": "Япония",
            "poster": "https://img.gettyimages.site/movies/franchise/6/2/4/4/9/0/0/0/0/0/610x900_62449.jpg",
            "imdb": null,
            "kinopoisk": null
        },
        {
            "id": 64559,
            "name": "Терраса кафе богинь",
            "year": 2023,
            "quality": "FHD (1080p)",
            "genre": "Приключения, Комедия",
            "type": "Аниме-сериалы",
            "country": "Япония",
            "poster": "https://img.gettyimages.site/movies/franchise/6/4/5/5/9/0/0/0/0/0/610x900_64559.jpg",
            "imdb": null,
            "kinopoisk": null
        },
        {
            "id": 62404,
            "name": "Ниер: Автомата — Версия 1.1а",
            "year": 2023,
            "quality": "FHD (1080p)",
            "genre": "Фантастика, Боевик",
            "type": "Аниме-сериалы",
            "country": "Япония",
            "poster": "https://img.gettyimages.site/movies/franchise/6/2/4/0/4/0/0/0/0/0/610x900_62404.jpg",
            "imdb": "8.3",
            "kinopoisk": null
        },
        {
            "id": 62751,
            "name": "Дзюндзи Ито: Маньяк",
            "year": 2023,
            "quality": "FHD (1080p)",
            "genre": "Ужасы",
            "type": "Аниме-сериалы",
            "country": "Япония",
            "poster": "https://img.gettyimages.site/movies/franchise/6/2/7/5/1/0/0/0/0/0/610x900_62751.jpg",
            "imdb": "6.3",
            "kinopoisk": null
        },
        {
            "id": 62274,
            "name": "Томо — девушка!",
            "year": 2023,
            "quality": "FHD (1080p)",
            "genre": "Комедия, Мелодрама",
            "type": "Аниме-сериалы",
            "country": "Япония",
            "poster": "https://img.gettyimages.site/movies/franchise/6/2/2/7/4/0/0/0/0/0/610x900_62274.jpg",
            "imdb": null,
            "kinopoisk": null
        },
        {
            "id": 62661,
            "name": "Король огненной охоты",
            "year": 2023,
            "quality": "FHD (1080p)",
            "genre": "Фэнтези",
            "type": "Аниме-сериалы",
            "country": "Япония",
            "poster": "https://img.gettyimages.site/movies/franchise/6/2/6/6/1/0/0/0/0/0/610x900_62661.jpg",
            "imdb": "8.1",
            "kinopoisk": null
        },
        {
            "id": 64380,
            "name": "В бегах: Великая миссия",
            "year": 2023,
            "quality": "HD (720p)",
            "genre": "Приключения",
            "type": "Аниме-сериалы",
            "country": "Япония",
            "poster": "https://img.gettyimages.site/movies/franchise/6/4/3/8/0/0/0/0/0/0/610x900_64380.jpg",
            "imdb": null,
            "kinopoisk": null
        },
        {
            "id": 64560,
            "name": "Эльф Эдомаэ",
            "year": 2023,
            "quality": "FHD (1080p)",
            "genre": "Приключения, Комедия",
            "type": "Аниме-сериалы",
            "country": "Япония",
            "poster": "https://img.gettyimages.site/movies/franchise/6/4/5/6/0/0/0/0/0/0/610x900_64560.jpg",
            "imdb": null,
            "kinopoisk": null
        },
        {
            "id": 64594,
            "name": "Девочки-волшебницы: Волшебные разрушительницы",
            "year": 2023,
            "quality": "FHD (1080p)",
            "genre": "Фэнтези, Боевик",
            "type": "Аниме-сериалы",
            "country": "Япония",
            "poster": "https://img.gettyimages.site/movies/franchise/6/4/5/9/4/0/0/0/0/0/610x900_64594.jpg",
            "imdb": null,
            "kinopoisk": null
        },
        {
            "id": 64558,
            "name": "Плохие девчонки Рокудо",
            "year": 2023,
            "quality": "HD (720p)",
            "genre": "Приключения",
            "type": "Аниме-сериалы",
            "country": "Япония",
            "poster": "https://img.gettyimages.site/movies/franchise/6/4/5/5/8/0/0/0/0/0/610x900_64558.webp",
            "imdb": null,
            "kinopoisk": null
        }
    ]
}