{
    "data": [
        {
            "id": 65550,
            "name": "Остров черепа",
            "year": 2023,
            "quality": "HD (720p)",
            "genre": "Приключения, Боевик, Мелодрама, Драма",
            "type": "Мультсериалы",
            "country": "США, Япония",
            "poster": "https://img.gettyimages.site/movies/franchise/6/5/5/5/0/0/0/0/0/0/610x900_65550.jpg",
            "kinopoisk": null,
            "imdb": null
        },
        {
            "id": 65545,
            "name": "Гремлины: Тайны могвая",
            "year": 2023,
            "quality": "FHD (1080p)",
            "genre": "Приключения, Фэнтези, Семейный, Комедия",
            "type": "Мультсериалы",
            "country": "США",
            "poster": "https://img.gettyimages.site/movies/franchise/6/5/5/4/5/0/0/0/0/0/610x900_65545.jpg",
            "kinopoisk": null,
            "imdb": "7.9"
        },
        {
            "id": 65671,
            "name": "Ниндзяго: восстание драконов",
            "year": 2023,
            "quality": "HD (720p)",
            "genre": "Приключения, Фантастика, Фэнтези, Детский, Комедия",
            "type": "Мультсериалы",
            "country": "Канада, Дания",
            "poster": "https://img.gettyimages.site/movies/franchise/6/5/6/7/1/0/0/0/0/0/610x900_65671.jpg",
            "kinopoisk": null,
            "imdb": "7.9"
        },
        {
            "id": 60289,
            "name": "Велма",
            "year": 2023,
            "quality": "FHD (1080p)",
            "genre": "Криминал, Приключения, Детектив, Комедия",
            "type": "Мультсериалы",
            "country": "США",
            "poster": "https://img.gettyimages.site/movies/franchise/6/0/2/8/9/0/0/0/0/0/610x900_60289.jpg",
            "kinopoisk": null,
            "imdb": null
        },
        {
            "id": 65561,
            "name": "Маллиган",
            "year": 2023,
            "quality": "FHD (1080p)",
            "genre": "Фантастика, Комедия",
            "type": "Мультсериалы",
            "country": "США",
            "poster": "https://img.gettyimages.site/movies/franchise/6/5/5/6/1/0/0/0/0/0/610x900_65561.jpg",
            "kinopoisk": null,
            "imdb": "4.8"
        },
        {
            "id": 65560,
            "name": "Школа клонов",
            "year": 2023,
            "quality": "FHD (1080p)",
            "genre": "Фантастика, Комедия",
            "type": "Мультсериалы",
            "country": "США",
            "poster": "https://img.gettyimages.site/movies/franchise/6/5/5/6/0/0/0/0/0/0/610x900_65560.jpg",
            "kinopoisk": null,
            "imdb": null
        },
        {
            "id": 62909,
            "name": "Мой папа - охотник за инопланетянами",
            "year": 2023,
            "quality": "FHD (1080p)",
            "genre": "Приключения, Фантастика, Фэнтези, Семейный, Комедия, Боевик",
            "type": "Мультсериалы",
            "country": "США",
            "poster": "https://img.gettyimages.site/movies/franchise/6/2/9/0/9/0/0/0/0/0/610x900_62909.jpg",
            "kinopoisk": null,
            "imdb": null
        },
        {
            "id": 63613,
            "name": "Антология русского хоррора: Красный состав",
            "year": 2023,
            "quality": "FHD (1080p)",
            "genre": "Ужасы",
            "type": "Мультсериалы",
            "country": "Канада, Молдова",
            "poster": "https://img.gettyimages.site/movies/franchise/6/3/6/1/3/0/0/0/0/0/610x900_63613.jpg",
            "kinopoisk": "7.4",
            "imdb": "6.9"
        },
        {
            "id": 64221,
            "name": "Дигман!",
            "year": 2023,
            "quality": "FHD (1080p)",
            "genre": "Развлекательный",
            "type": "Мультсериалы",
            "country": "США",
            "poster": "https://img.gettyimages.site/movies/franchise/6/4/2/2/1/0/0/0/0/0/610x900_64221.jpg",
            "kinopoisk": null,
            "imdb": "7.2"
        },
        {
            "id": 65260,
            "name": "Уволен на Марсе",
            "year": 2023,
            "quality": "FHD (1080p)",
            "genre": "Фантастика, Комедия",
            "type": "Мультсериалы",
            "country": "США",
            "poster": "https://img.gettyimages.site/movies/franchise/6/5/2/6/0/0/0/0/0/0/610x900_65260.jpg",
            "kinopoisk": null,
            "imdb": "6.8"
        },
        {
            "id": 65862,
            "name": "Этому миру меня не сломить",
            "year": 2023,
            "quality": "FHD (1080p)",
            "genre": "Комедия, Драма",
            "type": "Мультсериалы",
            "country": "Италия",
            "poster": "https://img.gettyimages.site/movies/franchise/6/5/8/6/2/0/0/0/0/0/610x900_65862.jpg",
            "kinopoisk": null,
            "imdb": null
        },
        {
            "id": 65458,
            "name": "RAID: Call of the Arbiter",
            "year": 2023,
            "quality": "HD (720p)",
            "genre": "Приключения",
            "type": "Мультсериалы",
            "country": "США, Франция, Израиль",
            "poster": "https://img.gettyimages.site/movies/franchise/6/5/4/5/8/0/0/0/0/0/610x900_65458.jpg",
            "kinopoisk": null,
            "imdb": null
        },
        {
            "id": 65080,
            "name": "Звездные войны: Приключения юных джедаев",
            "year": 2023,
            "quality": "FHD (1080p)",
            "genre": "Приключения, Фантастика, Фэнтези, Семейный, Комедия, Боевик",
            "type": "Мультсериалы",
            "country": "США",
            "poster": "https://img.gettyimages.site/movies/franchise/6/5/0/8/0/0/0/0/0/0/610x900_65080.jpg",
            "kinopoisk": null,
            "imdb": null
        },
        {
            "id": 65871,
            "name": "Хейли в деле",
            "year": 2023,
            "quality": "HD (720p)",
            "genre": "Приключения, Фантастика, Семейный, Комедия",
            "type": "Мультсериалы",
            "country": "США",
            "poster": "https://img.gettyimages.site/movies/franchise/6/5/8/7/1/0/0/0/0/0/610x900_65871.jpg",
            "kinopoisk": null,
            "imdb": "8.8"
        },
        {
            "id": 65643,
            "name": "Беспредел Маппетов",
            "year": 2023,
            "quality": "FHD (1080p)",
            "genre": "Мюзикл, Семейный, Комедия, Музыка",
            "type": "Мультсериалы",
            "country": "США",
            "poster": "https://img.gettyimages.site/movies/franchise/6/5/6/4/3/0/0/0/0/0/610x900_65643.jpg",
            "kinopoisk": null,
            "imdb": "8.1"
        },
        {
            "id": 64053,
            "name": "Агент Элвис",
            "year": 2023,
            "quality": "HD (720p)",
            "genre": "Криминал, Комедия, Боевик, Триллер",
            "type": "Мультсериалы",
            "country": "США",
            "poster": "https://img.gettyimages.site/movies/franchise/6/4/0/5/3/0/0/0/0/0/610x900_64053.jpg",
            "kinopoisk": null,
            "imdb": null
        },
        {
            "id": 63303,
            "name": "Лунная девочка и ДиноДьявол",
            "year": 2023,
            "quality": "FHD (1080p)",
            "genre": "Приключения, Фантастика, Фэнтези, Семейный, Комедия, Боевик",
            "type": "Мультсериалы",
            "country": "США",
            "poster": "https://img.gettyimages.site/movies/franchise/6/3/3/0/3/0/0/0/0/0/610x900_63303.jpg",
            "kinopoisk": null,
            "imdb": "8.2"
        },
        {
            "id": 62397,
            "name": "Человек-коала",
            "year": 2023,
            "quality": "FHD (1080p)",
            "genre": "Криминал, Приключения, Комедия, Боевик, Триллер",
            "type": "Мультсериалы",
            "country": "США, Австралия",
            "poster": "https://img.gettyimages.site/movies/franchise/6/2/3/9/7/0/0/0/0/0/610x900_62397.jpg",
            "kinopoisk": null,
            "imdb": "6.5"
        },
        {
            "id": 66304,
            "name": "Великий правитель",
            "year": 2023,
            "quality": null,
            "genre": "Приключения, Фэнтези, Биографический",
            "type": "Мультсериалы",
            "country": "Китай",
            "poster": "https://img.gettyimages.site/movies/franchise/6/6/3/0/4/0/0/0/0/0/610x900_66304.jpg",
            "kinopoisk": null,
            "imdb": null
        },
        {
            "id": 62749,
            "name": "Остров фигур",
            "year": 2023,
            "quality": "FHD (1080p)",
            "genre": "Комедия",
            "type": "Мультсериалы",
            "country": "США",
            "poster": "https://img.gettyimages.site/movies/franchise/6/2/7/4/9/0/0/0/0/0/610x900_62749.jpg",
            "kinopoisk": null,
            "imdb": "9.0"
        },
        {
            "id": 64350,
            "name": "Лакадейзи",
            "year": 2023,
            "quality": "FHD (1080p)",
            "genre": "Криминал, Фэнтези, Короткометражный",
            "type": "Мультсериалы",
            "country": "США",
            "poster": "https://img.gettyimages.site/movies/franchise/6/4/3/5/0/0/0/0/0/0/610x900_64350.jpg",
            "kinopoisk": null,
            "imdb": "9.1"
        },
        {
            "id": 65474,
            "name": "Китти-Кэтс",
            "year": 2023,
            "quality": "HD (720p)",
            "genre": "Приключения, Фантастика, Комедия",
            "type": "Мультсериалы",
            "country": "США",
            "poster": "https://img.gettyimages.site/movies/franchise/6/5/4/7/4/0/0/0/0/0/610x900_65474.jpg",
            "kinopoisk": null,
            "imdb": null
        },
        {
            "id": 65194,
            "name": "Квак и Жаб",
            "year": 2023,
            "quality": "FHD (1080p)",
            "genre": "Приключения, Фэнтези, Короткометражный, Семейный, Комедия",
            "type": "Мультсериалы",
            "country": "США",
            "poster": "https://img.gettyimages.site/movies/franchise/6/5/1/9/4/0/0/0/0/0/610x900_65194.jpg",
            "kinopoisk": null,
            "imdb": "7.8"
        },
        {
            "id": 65855,
            "name": "Мой маленький пони: Bridlewoodstock",
            "year": 2023,
            "quality": "HD (720p)",
            "genre": "Приключения",
            "type": "Мультсериалы",
            "country": "Канада, США",
            "poster": "https://img.gettyimages.site/movies/franchise/6/5/8/5/5/0/0/0/0/0/610x900_65855.jpg",
            "kinopoisk": null,
            "imdb": null
        }
    ]
}