{
    "data": [
        {
            "id": 64357,
            "name": "Экстрасенсы. Битва сильнейших",
            "year": 2023,
            "quality": "SD",
            "genre": "Документальный",
            "type": "ТВ-Шоу",
            "country": "Россия",
            "poster": "https://img.gettyimages.site/movies/franchise/6/4/3/5/7/0/0/0/0/0/610x900_64357.jpg",
            "imdb": null,
            "kinopoisk": null
        },
        {
            "id": 66194,
            "name": "Выжить в Дубае",
            "year": 2023,
            "quality": "SD",
            "genre": "Реальное ТВ",
            "type": "ТВ-Шоу",
            "country": "Россия",
            "poster": "https://img.gettyimages.site/movies/franchise/6/6/1/9/4/0/0/0/0/0/610x900_66194.jpg",
            "imdb": null,
            "kinopoisk": null
        },
        {
            "id": 65764,
            "name": "Кстати",
            "year": 2023,
            "quality": "HD (720p)",
            "genre": "Ток-шоу",
            "type": "ТВ-Шоу",
            "country": "Россия",
            "poster": "https://img.gettyimages.site/movies/franchise/6/5/7/6/4/0/0/0/0/0/610x900_65764.jpg",
            "imdb": null,
            "kinopoisk": null
        },
        {
            "id": 65770,
            "name": "Тейбл Тайм",
            "year": 2023,
            "quality": "HD (720p)",
            "genre": "Развлекательный",
            "type": "ТВ-Шоу",
            "country": "Россия",
            "poster": "https://img.gettyimages.site/movies/franchise/6/5/7/7/0/0/0/0/0/0/610x900_65770.jpg",
            "imdb": null,
            "kinopoisk": null
        },
        {
            "id": 65712,
            "name": "Четыре жены",
            "year": 2023,
            "quality": "HD (720p)",
            "genre": "Развлекательный",
            "type": "ТВ-Шоу",
            "country": "Россия",
            "poster": "https://img.gettyimages.site/movies/franchise/6/5/7/1/2/0/0/0/0/0/610x900_65712.jpg",
            "imdb": null,
            "kinopoisk": null
        },
        {
            "id": 64748,
            "name": "Шоу Воли",
            "year": 2023,
            "quality": "SD",
            "genre": "Развлекательный",
            "type": "ТВ-Шоу",
            "country": "Россия",
            "poster": "https://img.gettyimages.site/movies/franchise/6/4/7/4/8/0/0/0/0/0/610x900_64748.jpeg",
            "imdb": null,
            "kinopoisk": null
        },
        {
            "id": 62959,
            "name": "Конфетка",
            "year": 2023,
            "quality": "SD",
            "genre": "Реальное ТВ, Музыка",
            "type": "ТВ-Шоу",
            "country": "Россия",
            "poster": "https://img.gettyimages.site/movies/franchise/6/2/9/5/9/0/0/0/0/0/610x900_62959.jpg",
            "imdb": null,
            "kinopoisk": null
        },
        {
            "id": 64042,
            "name": "Импровизаторы",
            "year": 2023,
            "quality": "SD",
            "genre": "Комедия, Ток-шоу",
            "type": "ТВ-Шоу",
            "country": "Россия",
            "poster": "https://img.gettyimages.site/movies/franchise/6/4/0/4/2/0/0/0/0/0/610x900_64042.jpg",
            "imdb": null,
            "kinopoisk": "9.5"
        },
        {
            "id": 64149,
            "name": "Умнее всех",
            "year": 2023,
            "quality": "SD",
            "genre": "Семейный, Ток-шоу",
            "type": "ТВ-Шоу",
            "country": "Россия",
            "poster": "https://img.gettyimages.site/movies/franchise/6/4/1/4/9/0/0/0/0/0/610x900_64149.jpeg",
            "imdb": null,
            "kinopoisk": null
        },
        {
            "id": 65869,
            "name": "КликКлак шоу",
            "year": 2023,
            "quality": "HD (720p)",
            "genre": "Реальное ТВ",
            "type": "ТВ-Шоу",
            "country": "Россия",
            "poster": "https://img.gettyimages.site/movies/franchise/6/5/8/6/9/0/0/0/0/0/610x900_65869.jpeg",
            "imdb": null,
            "kinopoisk": null
        },
        {
            "id": 63359,
            "name": "Особняк милф",
            "year": 2023,
            "quality": "FHD (1080p)",
            "genre": "Развлекательный",
            "type": "ТВ-Шоу",
            "country": "США",
            "poster": "https://img.gettyimages.site/movies/franchise/6/3/3/5/9/0/0/0/0/0/610x900_63359.jpg",
            "imdb": "3.2",
            "kinopoisk": null
        },
        {
            "id": 65534,
            "name": "Взрослым не понять",
            "year": 2023,
            "quality": "HD (720p)",
            "genre": "Детский, Семейный",
            "type": "ТВ-Шоу",
            "country": "Россия",
            "poster": "https://img.gettyimages.site/movies/franchise/6/5/5/3/4/0/0/0/0/0/610x900_65534.jpg",
            "imdb": null,
            "kinopoisk": null
        },
        {
            "id": 63879,
            "name": "На выход",
            "year": 2023,
            "quality": "SD",
            "genre": "Реальное ТВ",
            "type": "ТВ-Шоу",
            "country": "Россия",
            "poster": "https://img.gettyimages.site/movies/franchise/6/3/8/7/9/0/0/0/0/0/610x900_63879.jpg",
            "imdb": null,
            "kinopoisk": null
        },
        {
            "id": 65549,
            "name": "Стать шефом",
            "year": 2023,
            "quality": null,
            "genre": "Реальное ТВ",
            "type": "ТВ-Шоу",
            "country": "Россия",
            "poster": "https://img.gettyimages.site/movies/franchise/6/5/5/4/9/0/0/0/0/0/610x900_65549.jpg",
            "imdb": null,
            "kinopoisk": null
        },
        {
            "id": 64187,
            "name": "Битва каверов",
            "year": 2023,
            "quality": "SD",
            "genre": "Реальное ТВ, Музыка",
            "type": "ТВ-Шоу",
            "country": "Россия",
            "poster": "https://img.gettyimages.site/movies/franchise/6/4/1/8/7/0/0/0/0/0/610x900_64187.jpg",
            "imdb": null,
            "kinopoisk": null
        },
        {
            "id": 63869,
            "name": "Большой побег",
            "year": 2023,
            "quality": "FHD (1080p)",
            "genre": "Реальное ТВ",
            "type": "ТВ-Шоу",
            "country": "Россия",
            "poster": "https://img.gettyimages.site/movies/franchise/6/3/8/6/9/0/0/0/0/0/610x900_63869.jpg",
            "imdb": null,
            "kinopoisk": "8.5"
        },
        {
            "id": 63454,
            "name": "Суперниндзя",
            "year": 2023,
            "quality": "FHD (1080p)",
            "genre": "Реальное ТВ",
            "type": "ТВ-Шоу",
            "country": "Россия",
            "poster": "https://img.gettyimages.site/movies/franchise/6/3/4/5/4/0/0/0/0/0/610x900_63454.jpg",
            "imdb": null,
            "kinopoisk": "8.3"
        },
        {
            "id": 66156,
            "name": "Автомобили мечты Дауни",
            "year": 2023,
            "quality": "HD (720p)",
            "genre": "Документальный",
            "type": "ТВ-Шоу",
            "country": "США",
            "poster": "https://img.gettyimages.site/movies/franchise/6/6/1/5/6/0/0/0/0/0/610x900_66156.jpg",
            "imdb": null,
            "kinopoisk": null
        },
        {
            "id": 63590,
            "name": "Бьюти баттл",
            "year": 2023,
            "quality": "HD (720p)",
            "genre": "Развлекательный",
            "type": "ТВ-Шоу",
            "country": "Россия",
            "poster": "https://img.gettyimages.site/movies/franchise/6/3/5/9/0/0/0/0/0/0/610x900_63590.jpeg",
            "imdb": null,
            "kinopoisk": null
        },
        {
            "id": 66028,
            "name": "Большое шоу",
            "year": 2023,
            "quality": "HD (720p)",
            "genre": "Развлекательный",
            "type": "ТВ-Шоу",
            "country": "Россия",
            "poster": "https://img.gettyimages.site/movies/franchise/6/6/0/2/8/0/0/0/0/0/610x900_66028.jpeg",
            "imdb": null,
            "kinopoisk": null
        },
        {
            "id": 63588,
            "name": "Кулинарные детективы",
            "year": 2023,
            "quality": "SD",
            "genre": "Развлекательный",
            "type": "ТВ-Шоу",
            "country": "Россия",
            "poster": "https://img.gettyimages.site/movies/franchise/6/3/5/8/8/0/0/0/0/0/610x900_63588.jpeg",
            "imdb": null,
            "kinopoisk": null
        },
        {
            "id": 65996,
            "name": "Офисные игры",
            "year": 2023,
            "quality": "HD (720p)",
            "genre": "Комедия",
            "type": "ТВ-Шоу",
            "country": "Россия",
            "poster": "https://img.gettyimages.site/movies/franchise/6/5/9/9/6/0/0/0/0/0/610x900_65996.jpg",
            "imdb": null,
            "kinopoisk": null
        },
        {
            "id": 63752,
            "name": "Барышня крестьянка",
            "year": 2023,
            "quality": "SD",
            "genre": "Реальное ТВ",
            "type": "ТВ-Шоу",
            "country": "Россия",
            "poster": "https://img.gettyimages.site/movies/franchise/6/3/7/5/2/0/0/0/0/0/610x900_63752.jpg",
            "imdb": null,
            "kinopoisk": null
        },
        {
            "id": 63442,
            "name": "Ждули",
            "year": 2023,
            "quality": "FHD (1080p)",
            "genre": "Реальное ТВ",
            "type": "ТВ-Шоу",
            "country": "Россия",
            "poster": "https://img.gettyimages.site/movies/franchise/6/3/4/4/2/0/0/0/0/0/610x900_63442.jpg",
            "imdb": null,
            "kinopoisk": null
        },
        {
            "id": 63589,
            "name": "Здравствуй, сладкий",
            "year": 2023,
            "quality": "SD",
            "genre": "Развлекательный",
            "type": "ТВ-Шоу",
            "country": "Россия",
            "poster": "https://img.gettyimages.site/movies/franchise/6/3/5/8/9/0/0/0/0/0/610x900_63589.jpeg",
            "imdb": null,
            "kinopoisk": null
        },
        {
            "id": 64648,
            "name": "Реннервации",
            "year": 2023,
            "quality": "HD (720p)",
            "genre": "Приключения, Документальный, Семейный, Реальное ТВ",
            "type": "ТВ-Шоу",
            "country": "США",
            "poster": "https://img.gettyimages.site/movies/franchise/6/4/6/4/8/0/0/0/0/0/610x900_64648.jpg",
            "imdb": null,
            "kinopoisk": null
        },
        {
            "id": 63927,
            "name": "Беременна в 45",
            "year": 2023,
            "quality": "FHD (1080p)",
            "genre": "Развлекательный",
            "type": "ТВ-Шоу",
            "country": "Россия",
            "poster": "https://img.gettyimages.site/movies/franchise/6/3/9/2/7/0/0/0/0/0/610x900_63927.jpeg",
            "imdb": null,
            "kinopoisk": null
        },
        {
            "id": 65937,
            "name": "Самозванец",
            "year": 2023,
            "quality": null,
            "genre": "Развлекательный",
            "type": "ТВ-Шоу",
            "country": "Россия",
            "poster": "https://img.gettyimages.site/movies/franchise/6/5/9/3/7/0/0/0/0/0/610x900_65937.jpg",
            "imdb": null,
            "kinopoisk": null
        },
        {
            "id": 64052,
            "name": "Вкусно с Ляйсан",
            "year": 2023,
            "quality": "FHD (1080p)",
            "genre": "Развлекательный, Ток-шоу",
            "type": "ТВ-Шоу",
            "country": "Россия",
            "poster": "https://img.gettyimages.site/movies/franchise/6/4/0/5/2/0/0/0/0/0/610x900_64052.jpg",
            "imdb": null,
            "kinopoisk": null
        },
        {
            "id": 66056,
            "name": "100 дней до Индикара",
            "year": 2023,
            "quality": "FHD (1080p)",
            "genre": "Документальный, Спортивный",
            "type": "ТВ-Шоу",
            "country": "США",
            "poster": "https://img.gettyimages.site/movies/franchise/6/6/0/5/6/0/0/0/0/0/610x900_66056.jpg",
            "imdb": "9.0",
            "kinopoisk": null
        },
        {
            "id": 63926,
            "name": "Будни роддома",
            "year": 2023,
            "quality": "FHD (1080p)",
            "genre": "Развлекательный",
            "type": "ТВ-Шоу",
            "country": "Россия",
            "poster": "https://img.gettyimages.site/movies/franchise/6/3/9/2/6/0/0/0/0/0/610x900_63926.jpeg",
            "imdb": null,
            "kinopoisk": null
        },
        {
            "id": 65300,
            "name": "Обратный отсчёт",
            "year": 2023,
            "quality": null,
            "genre": "Реальное ТВ",
            "type": "ТВ-Шоу",
            "country": "Россия",
            "poster": "https://img.gettyimages.site/movies/franchise/6/5/3/0/0/0/0/0/0/0/610x900_65300.jpg",
            "imdb": null,
            "kinopoisk": null
        },
        {
            "id": 62304,
            "name": "Угадай мелодию. 20 лет спустя. Новогодние выпуски",
            "year": 2023,
            "quality": "HD (720p)",
            "genre": "Развлекательный, Музыка",
            "type": "ТВ-Шоу",
            "country": "Россия",
            "poster": "https://img.gettyimages.site/movies/franchise/6/2/3/0/4/0/0/0/0/0/610x900_62304.jpeg",
            "imdb": null,
            "kinopoisk": null
        },
        {
            "id": 65606,
            "name": "Диалоги о животных.Ташкентский зоопарк",
            "year": 2023,
            "quality": "HD (720p)",
            "genre": "Документальный",
            "type": "ТВ-Шоу",
            "country": "Россия",
            "poster": "https://img.gettyimages.site/movies/franchise/6/5/6/0/6/0/0/0/0/0/610x900_65606.jpeg",
            "imdb": null,
            "kinopoisk": null
        },
        {
            "id": 63423,
            "name": "100 атлетов",
            "year": 2023,
            "quality": "FHD (1080p)",
            "genre": "Развлекательный",
            "type": "ТВ-Шоу",
            "country": "Корея Южная",
            "poster": "https://img.gettyimages.site/movies/franchise/6/3/4/2/3/0/0/0/0/0/610x900_63423.jpg",
            "imdb": "7.8",
            "kinopoisk": null
        },
        {
            "id": 64102,
            "name": "Хочу перемен",
            "year": 2023,
            "quality": "FHD (1080p)",
            "genre": "Реальное ТВ",
            "type": "ТВ-Шоу",
            "country": "Россия",
            "poster": "https://img.gettyimages.site/movies/franchise/6/4/1/0/2/0/0/0/0/0/610x900_64102.jpeg",
            "imdb": null,
            "kinopoisk": null
        },
        {
            "id": 62545,
            "name": "Восхождение",
            "year": 2023,
            "quality": "HD (720p)",
            "genre": "Спортивный",
            "type": "ТВ-Шоу",
            "country": "США",
            "poster": "https://img.gettyimages.site/movies/franchise/6/2/5/4/5/0/0/0/0/0/610x900_62545.jpg",
            "imdb": null,
            "kinopoisk": null
        },
        {
            "id": 65512,
            "name": "Большая десятка",
            "year": 2023,
            "quality": null,
            "genre": "Развлекательный",
            "type": "ТВ-Шоу",
            "country": "Россия",
            "poster": "https://img.gettyimages.site/movies/franchise/6/5/5/1/2/0/0/0/0/0/610x900_65512.jpg",
            "imdb": null,
            "kinopoisk": null
        },
        {
            "id": 64218,
            "name": "Моя Мелодия",
            "year": 2023,
            "quality": "SD",
            "genre": "Развлекательный",
            "type": "ТВ-Шоу",
            "country": "Россия",
            "poster": "https://img.gettyimages.site/movies/franchise/6/4/2/1/8/0/0/0/0/0/610x900_64218.jpeg",
            "imdb": null,
            "kinopoisk": null
        },
        {
            "id": 65389,
            "name": "Последний, кто смеется",
            "year": 2023,
            "quality": "FHD (1080p)",
            "genre": "Комедия",
            "type": "ТВ-Шоу",
            "country": "Нидерланды",
            "poster": "https://img.gettyimages.site/movies/franchise/6/5/3/8/9/0/0/0/0/0/610x900_65389.jpg",
            "imdb": "6.9",
            "kinopoisk": null
        },
        {
            "id": 63977,
            "name": "Гуру кухни",
            "year": 2023,
            "quality": "FHD (1080p)",
            "genre": "Развлекательный",
            "type": "ТВ-Шоу",
            "country": "Россия",
            "poster": "https://img.gettyimages.site/movies/franchise/6/3/9/7/7/0/0/0/0/0/610x900_63977.jpg",
            "imdb": null,
            "kinopoisk": null
        },
        {
            "id": 65374,
            "name": "Наша смешная жизнь",
            "year": 2023,
            "quality": "SD",
            "genre": "Развлекательный",
            "type": "ТВ-Шоу",
            "country": "Россия",
            "poster": "https://img.gettyimages.site/movies/franchise/6/5/3/7/4/0/0/0/0/0/610x900_65374.jpg",
            "imdb": null,
            "kinopoisk": null
        }
    ]
}