{
    "data": [
        {
            "id": 65889,
            "name": "Моя вина",
            "year": 2023,
            "quality": "FHD (1080p)",
            "genre": "Драма",
            "type": "Фильмы",
            "country": "Испания",
            "poster": "https://img.gettyimages.site/movies/franchise/6/5/8/8/9/0/0/0/0/0/610x900_65889.jpg",
            "kinopoisk": "7.5",
            "imdb": "6.3"
        },
        {
            "id": 63338,
            "name": "Форсаж 10",
            "year": 2023,
            "quality": "FHD (1080p)",
            "genre": "Криминал, Детектив, Боевик",
            "type": "Фильмы",
            "country": "США",
            "poster": "https://img.gettyimages.site/movies/franchise/6/3/3/3/8/0/0/0/0/0/610x900_63338.jpg",
            "kinopoisk": "6.4",
            "imdb": "6.4"
        },
        {
            "id": 61467,
            "name": "Трансформеры: Восхождение Звероботов",
            "year": 2023,
            "quality": "TS",
            "genre": "Приключения, Фантастика, Боевик",
            "type": "Фильмы",
            "country": "США",
            "poster": "https://img.gettyimages.site/movies/franchise/6/1/4/6/7/0/0/0/0/0/610x900_61467.jpg",
            "kinopoisk": "6.1",
            "imdb": "6.6"
        },
        {
            "id": 64416,
            "name": "Тайлер Рейк: Операция по спасению 2",
            "year": 2023,
            "quality": "FHD (1080p)",
            "genre": "Криминал, Боевик",
            "type": "Фильмы",
            "country": "США",
            "poster": "https://img.gettyimages.site/movies/franchise/6/4/4/1/6/0/0/0/0/0/610x900_64416.jpg",
            "kinopoisk": "7.1",
            "imdb": "7.2"
        },
        {
            "id": 64598,
            "name": "Рыцари Зодиака",
            "year": 2023,
            "quality": "FHD (1080p)",
            "genre": "Приключения, Фэнтези, Боевик",
            "type": "Фильмы",
            "country": "США, Япония",
            "poster": "https://img.gettyimages.site/movies/franchise/6/4/5/9/8/0/0/0/0/0/610x900_64598.jpg",
            "kinopoisk": null,
            "imdb": "4.5"
        },
        {
            "id": 66202,
            "name": "Из моего окна: За морями",
            "year": 2023,
            "quality": "FHD (1080p)",
            "genre": "Комедия, Мелодрама, Драма",
            "type": "Фильмы",
            "country": "Испания",
            "poster": "https://img.gettyimages.site/movies/franchise/6/6/2/0/2/0/0/0/0/0/610x900_66202.jpg",
            "kinopoisk": "5.5",
            "imdb": "5.0"
        },
        {
            "id": 63087,
            "name": "Переводчик",
            "year": 2023,
            "quality": "FHD (1080p)",
            "genre": "Криминал, Боевик, Триллер",
            "type": "Фильмы",
            "country": "Великобритания, Испания",
            "poster": "https://img.gettyimages.site/movies/franchise/6/3/0/8/7/0/0/0/0/0/610x900_63087.jpg",
            "kinopoisk": "7.1",
            "imdb": "8.0"
        },
        {
            "id": 63620,
            "name": "Беглец",
            "year": 2023,
            "quality": "FHD (1080p)",
            "genre": "Боевик, Триллер",
            "type": "Фильмы",
            "country": "США",
            "poster": "https://img.gettyimages.site/movies/franchise/6/3/6/2/0/0/0/0/0/0/610x900_63620.jpg",
            "kinopoisk": "6.2",
            "imdb": "6.2"
        },
        {
            "id": 61474,
            "name": "Индиана Джонс и колесо судьбы",
            "year": 2023,
            "quality": "TS",
            "genre": "Приключения, Боевик",
            "type": "Фильмы",
            "country": "США",
            "poster": "https://img.gettyimages.site/movies/franchise/6/1/4/7/4/0/0/0/0/0/610x900_61474.jpg",
            "kinopoisk": "6.7",
            "imdb": "6.9"
        },
        {
            "id": 63974,
            "name": "Без обид",
            "year": 2023,
            "quality": "TS",
            "genre": "Комедия",
            "type": "Фильмы",
            "country": "США",
            "poster": "https://img.gettyimages.site/movies/franchise/6/3/9/7/4/0/0/0/0/0/610x900_63974.jpg",
            "kinopoisk": "6.5",
            "imdb": "6.8"
        },
        {
            "id": 61473,
            "name": "Стражи Галактики. Часть 3",
            "year": 2023,
            "quality": "TS",
            "genre": "Приключения, Фантастика, Комедия, Боевик, Триллер",
            "type": "Фильмы",
            "country": "США",
            "poster": "https://img.gettyimages.site/movies/franchise/6/1/4/7/3/0/0/0/0/0/610x900_61473.jpg",
            "kinopoisk": "8.4",
            "imdb": "8.3"
        },
        {
            "id": 64516,
            "name": "Мама мафия",
            "year": 2023,
            "quality": "FHD (1080p)",
            "genre": "Криминал, Комедия, Боевик",
            "type": "Фильмы",
            "country": "США, Великобритания, Италия",
            "poster": "https://img.gettyimages.site/movies/franchise/6/4/5/1/6/0/0/0/0/0/610x900_64516.jpg",
            "kinopoisk": "6.3",
            "imdb": "5.3"
        },
        {
            "id": 58362,
            "name": "Подземелья и драконы: Воровская честь",
            "year": 2023,
            "quality": "FHD (1080p)",
            "genre": "Приключения, Фэнтези, Комедия, Боевик",
            "type": "Фильмы",
            "country": "США",
            "poster": "https://img.gettyimages.site/movies/franchise/5/8/3/6/2/0/0/0/0/0/610x900_58362.jpg",
            "kinopoisk": "7.6",
            "imdb": "7.6"
        },
        {
            "id": 63339,
            "name": "Флэш",
            "year": 2023,
            "quality": "TS",
            "genre": "Приключения, Фантастика, Фэнтези, Боевик",
            "type": "Фильмы",
            "country": "США",
            "poster": "https://img.gettyimages.site/movies/franchise/6/3/3/3/9/0/0/0/0/0/610x900_63339.jpg",
            "kinopoisk": "6.6",
            "imdb": "7.3"
        },
        {
            "id": 64009,
            "name": "Мизантроп",
            "year": 2023,
            "quality": "FHD (1080p)",
            "genre": "Криминал, Детектив, Боевик, Триллер, Драма",
            "type": "Фильмы",
            "country": "США",
            "poster": "https://img.gettyimages.site/movies/franchise/6/4/0/0/9/0/0/0/0/0/610x900_64009.jpg",
            "kinopoisk": "6.9",
            "imdb": "6.9"
        },
        {
            "id": 63833,
            "name": "Без ответа",
            "year": 2023,
            "quality": "FHD (1080p)",
            "genre": "Приключения, Боевик, Мелодрама",
            "type": "Фильмы",
            "country": "США",
            "poster": "https://img.gettyimages.site/movies/franchise/6/3/8/3/3/0/0/0/0/0/610x900_63833.jpg",
            "kinopoisk": "6.3",
            "imdb": "5.8"
        },
        {
            "id": 63961,
            "name": "Банды Парижа",
            "year": 2023,
            "quality": "FHD (1080p)",
            "genre": "Исторический, Боевик, Триллер, Драма",
            "type": "Фильмы",
            "country": "Франция",
            "poster": "https://img.gettyimages.site/movies/franchise/6/3/9/6/1/0/0/0/0/0/610x900_63961.jpg",
            "kinopoisk": "6.2",
            "imdb": "6.0"
        },
        {
            "id": 64522,
            "name": "Мегалодон",
            "year": 2023,
            "quality": "FHD (1080p)",
            "genre": "Ужасы, Фантастика, Триллер",
            "type": "Фильмы",
            "country": "Доминикана",
            "poster": "https://img.gettyimages.site/movies/franchise/6/4/5/2/2/0/0/0/0/0/610x900_64522.jpg",
            "kinopoisk": "4.5",
            "imdb": "3.6"
        },
        {
            "id": 63565,
            "name": "Экзорцист Ватикана",
            "year": 2023,
            "quality": "FHD (1080p)",
            "genre": "Ужасы, Триллер",
            "type": "Фильмы",
            "country": "США",
            "poster": "https://img.gettyimages.site/movies/franchise/6/3/5/6/5/0/0/0/0/0/610x900_63565.jpg",
            "kinopoisk": "6.3",
            "imdb": "6.2"
        },
        {
            "id": 65425,
            "name": "Гипнотик",
            "year": 2023,
            "quality": "FHD (1080p)",
            "genre": "Детектив, Боевик, Триллер",
            "type": "Фильмы",
            "country": "США",
            "poster": "https://img.gettyimages.site/movies/franchise/6/5/4/2/5/0/0/0/0/0/610x900_65425.jpg",
            "kinopoisk": "5.7",
            "imdb": "5.4"
        },
        {
            "id": 64571,
            "name": "Голод",
            "year": 2023,
            "quality": "FHD (1080p)",
            "genre": "Триллер, Драма",
            "type": "Фильмы",
            "country": "Таиланд",
            "poster": "https://img.gettyimages.site/movies/franchise/6/4/5/7/1/0/0/0/0/0/610x900_64571.jpg",
            "kinopoisk": "6.7",
            "imdb": "6.7"
        },
        {
            "id": 64998,
            "name": "Уикенд с батей",
            "year": 2023,
            "quality": "FHD (1080p)",
            "genre": "Комедия",
            "type": "Фильмы",
            "country": "США",
            "poster": "https://img.gettyimages.site/movies/franchise/6/4/9/9/8/0/0/0/0/0/610x900_64998.jpg",
            "kinopoisk": "6.3",
            "imdb": "5.8"
        },
        {
            "id": 62280,
            "name": "Ренфилд",
            "year": 2023,
            "quality": "FHD (1080p)",
            "genre": "Ужасы, Комедия",
            "type": "Фильмы",
            "country": "США",
            "poster": "https://img.gettyimages.site/movies/franchise/6/2/2/8/0/0/0/0/0/0/610x900_62280.jpg",
            "kinopoisk": "6.6",
            "imdb": "6.7"
        },
        {
            "id": 65593,
            "name": "Русалочка",
            "year": 2023,
            "quality": "TS",
            "genre": "Фэнтези, Мюзикл, Мелодрама",
            "type": "Фильмы",
            "country": "США",
            "poster": "https://img.gettyimages.site/movies/franchise/6/5/5/9/3/0/0/0/0/0/610x900_65593.jpg",
            "kinopoisk": "5.4",
            "imdb": "7.2"
        },
        {
            "id": 60708,
            "name": "Человек-муравей и Оса: Квантомания",
            "year": 2023,
            "quality": "FHD (1080p)",
            "genre": "Приключения, Фантастика, Детектив, Комедия, Боевик, Триллер",
            "type": "Фильмы",
            "country": "США",
            "poster": "https://img.gettyimages.site/movies/franchise/6/0/7/0/8/0/0/0/0/0/610x900_60708.jpg",
            "kinopoisk": "6.1",
            "imdb": "6.4"
        },
        {
            "id": 64910,
            "name": "Помилование",
            "year": 2023,
            "quality": "FHD (1080p)",
            "genre": "Военный, Драма",
            "type": "Фильмы",
            "country": "Россия",
            "poster": "https://img.gettyimages.site/movies/franchise/6/4/9/1/0/0/0/0/0/0/610x900_64910.jpg",
            "kinopoisk": "6.2",
            "imdb": null
        },
        {
            "id": 62242,
            "name": "Восстание зловещих мертвецов",
            "year": 2023,
            "quality": "FHD (1080p)",
            "genre": "Ужасы",
            "type": "Фильмы",
            "country": "США, Ирландия, Новая Зеландия",
            "poster": "https://img.gettyimages.site/movies/franchise/6/2/2/4/2/0/0/0/0/0/610x900_62242.jpg",
            "kinopoisk": "7.0",
            "imdb": "7.2"
        },
        {
            "id": 66048,
            "name": "SuperАлиби 2",
            "year": 2023,
            "quality": "FHD (1080p)",
            "genre": "Комедия",
            "type": "Фильмы",
            "country": "Франция",
            "poster": "https://img.gettyimages.site/movies/franchise/6/6/0/4/8/0/0/0/0/0/610x900_66048.jpg",
            "kinopoisk": "6.7",
            "imdb": "6.6"
        },
        {
            "id": 66045,
            "name": "Гнев Бекки",
            "year": 2023,
            "quality": "FHD (1080p)",
            "genre": "Боевик, Триллер",
            "type": "Фильмы",
            "country": "США",
            "poster": "https://img.gettyimages.site/movies/franchise/6/6/0/4/5/0/0/0/0/0/610x900_66045.jpg",
            "kinopoisk": null,
            "imdb": "6.3"
        },
        {
            "id": 63215,
            "name": "Три мушкетёра: Д’Артаньян",
            "year": 2023,
            "quality": "FHD (1080p)",
            "genre": "Приключения, Исторический, Боевик",
            "type": "Фильмы",
            "country": "Франция",
            "poster": "https://img.gettyimages.site/movies/franchise/6/3/2/1/5/0/0/0/0/0/610x900_63215.jpg",
            "kinopoisk": "7.1",
            "imdb": "6.9"
        },
        {
            "id": 60027,
            "name": "Мать",
            "year": 2023,
            "quality": "FHD (1080p)",
            "genre": "Боевик, Триллер",
            "type": "Фильмы",
            "country": "США",
            "poster": "https://img.gettyimages.site/movies/franchise/6/0/0/2/7/0/0/0/0/0/610x900_60027.jpg",
            "kinopoisk": "5.8",
            "imdb": "5.5"
        },
        {
            "id": 61765,
            "name": "65",
            "year": 2023,
            "quality": "FHD (1080p)",
            "genre": "Фантастика, Боевик",
            "type": "Фильмы",
            "country": "США",
            "poster": "https://img.gettyimages.site/movies/franchise/6/1/7/6/5/0/0/0/0/0/610x900_61765.jpg",
            "kinopoisk": "5.6",
            "imdb": "5.5"
        },
        {
            "id": 58462,
            "name": "Шазам! 2",
            "year": 2023,
            "quality": "FHD (1080p)",
            "genre": "Криминал, Приключения, Фэнтези, Комедия, Боевик, Триллер",
            "type": "Фильмы",
            "country": "США",
            "poster": "https://img.gettyimages.site/movies/franchise/5/8/4/6/2/0/0/0/0/0/610x900_58462.jpg",
            "kinopoisk": "6.1",
            "imdb": "6.5"
        },
        {
            "id": 64481,
            "name": "Непосредственно Каха. Другой фильм",
            "year": 2023,
            "quality": "TS",
            "genre": "Комедия",
            "type": "Фильмы",
            "country": "Россия",
            "poster": "https://img.gettyimages.site/movies/franchise/6/4/4/8/1/0/0/0/0/0/610x900_64481.jpg",
            "kinopoisk": "2.6",
            "imdb": null
        },
        {
            "id": 65665,
            "name": "Время расплаты",
            "year": 2023,
            "quality": "FHD (1080p)",
            "genre": "Триллер",
            "type": "Фильмы",
            "country": "США",
            "poster": "https://img.gettyimages.site/movies/franchise/6/5/6/6/5/0/0/0/0/0/610x900_65665.jpg",
            "kinopoisk": null,
            "imdb": null
        },
        {
            "id": 65753,
            "name": "Нефариус",
            "year": 2023,
            "quality": "FHD (1080p)",
            "genre": "Ужасы, Триллер",
            "type": "Фильмы",
            "country": "США",
            "poster": "https://img.gettyimages.site/movies/franchise/6/5/7/5/3/0/0/0/0/0/610x900_65753.jpg",
            "kinopoisk": "6.2",
            "imdb": "6.3"
        },
        {
            "id": 63913,
            "name": "Джордж Форман: Несокрушимый",
            "year": 2023,
            "quality": "FHD (1080p)",
            "genre": "Биографический, Спортивный, Драма",
            "type": "Фильмы",
            "country": "США",
            "poster": "https://img.gettyimages.site/movies/franchise/6/3/9/1/3/0/0/0/0/0/610x900_63913.jpg",
            "kinopoisk": null,
            "imdb": "6.5"
        },
        {
            "id": 63035,
            "name": "Убийство в Париже",
            "year": 2023,
            "quality": "FHD (1080p)",
            "genre": "Криминал, Детектив, Комедия, Боевик, Мелодрама",
            "type": "Фильмы",
            "country": "США",
            "poster": "https://img.gettyimages.site/movies/franchise/6/3/0/3/5/0/0/0/0/0/610x900_63035.jpg",
            "kinopoisk": "5.9",
            "imdb": "5.6"
        },
        {
            "id": 64338,
            "name": "Рубеж выживания",
            "year": 2023,
            "quality": "FHD (1080p)",
            "genre": "Фантастика, Триллер",
            "type": "Фильмы",
            "country": "Великобритания",
            "poster": "https://img.gettyimages.site/movies/franchise/6/4/3/3/8/0/0/0/0/0/610x900_64338.jpg",
            "kinopoisk": "5.3",
            "imdb": "5.1"
        },
        {
            "id": 63297,
            "name": "Air: Большой прыжок",
            "year": 2023,
            "quality": "FHD (1080p)",
            "genre": "Драма",
            "type": "Фильмы",
            "country": "США",
            "poster": "https://img.gettyimages.site/movies/franchise/6/3/2/9/7/0/0/0/0/0/610x900_63297.jpg",
            "kinopoisk": "7.4",
            "imdb": "7.7"
        },
        {
            "id": 61246,
            "name": "Крушение",
            "year": 2023,
            "quality": "FHD (1080p)",
            "genre": "Боевик, Триллер",
            "type": "Фильмы",
            "country": "США, Великобритания",
            "poster": "https://img.gettyimages.site/movies/franchise/6/1/2/4/6/0/0/0/0/0/610x900_61246.jpg",
            "kinopoisk": "6.9",
            "imdb": "7.0"
        },
        {
            "id": 58452,
            "name": "Астерикс и Обеликс: Поднебесная",
            "year": 2023,
            "quality": "FHD (1080p)",
            "genre": "Приключения, Семейный, Комедия",
            "type": "Фильмы",
            "country": "Франция",
            "poster": "https://img.gettyimages.site/movies/franchise/5/8/4/5/2/0/0/0/0/0/610x900_58452.jpg",
            "kinopoisk": "5.8",
            "imdb": "4.9"
        },
        {
            "id": 65125,
            "name": "Иллюзия побега",
            "year": 2023,
            "quality": "FHD (1080p)",
            "genre": "Триллер, Драма",
            "type": "Фильмы",
            "country": "Дания",
            "poster": "https://img.gettyimages.site/movies/franchise/6/5/1/2/5/0/0/0/0/0/610x900_65125.jpg",
            "kinopoisk": "6.0",
            "imdb": "6.3"
        },
        {
            "id": 65684,
            "name": "Реинкарнация. Новая глава",
            "year": 2023,
            "quality": "FHD (1080p)",
            "genre": "Ужасы, Триллер",
            "type": "Фильмы",
            "country": "Австралия",
            "poster": "https://img.gettyimages.site/movies/franchise/6/5/6/8/4/0/0/0/0/0/610x900_65684.jpg",
            "kinopoisk": null,
            "imdb": null
        },
        {
            "id": 60890,
            "name": "Бешенство",
            "year": 2023,
            "quality": "FHD (1080p)",
            "genre": "Триллер",
            "type": "Фильмы",
            "country": "Россия",
            "poster": "https://img.gettyimages.site/movies/franchise/6/0/8/9/0/0/0/0/0/0/610x900_60890.jpg",
            "kinopoisk": "7.2",
            "imdb": null
        },
        {
            "id": 65410,
            "name": "Король неба",
            "year": 2023,
            "quality": "FHD (1080p)",
            "genre": "Боевик, Драма",
            "type": "Фильмы",
            "country": "Китай",
            "poster": "https://img.gettyimages.site/movies/franchise/6/5/4/1/0/0/0/0/0/0/610x900_65410.jpg",
            "kinopoisk": "8.1",
            "imdb": "6.4"
        },
        {
            "id": 64119,
            "name": "Кухня со звездами",
            "year": 2023,
            "quality": "FHD (1080p)",
            "genre": "Драма",
            "type": "Фильмы",
            "country": "Франция",
            "poster": "https://img.gettyimages.site/movies/franchise/6/4/1/1/9/0/0/0/0/0/610x900_64119.jpg",
            "kinopoisk": "7.7",
            "imdb": "6.5"
        },
        {
            "id": 60676,
            "name": "Крид 3",
            "year": 2023,
            "quality": "FHD (1080p)",
            "genre": "Спортивный, Драма",
            "type": "Фильмы",
            "country": "США",
            "poster": "https://img.gettyimages.site/movies/franchise/6/0/6/7/6/0/0/0/0/0/610x900_60676.jpg",
            "kinopoisk": "6.8",
            "imdb": "7.2"
        },
        {
            "id": 64065,
            "name": "Суперсмерч",
            "year": 2023,
            "quality": "FHD (1080p)",
            "genre": "Приключения, Боевик, Драма",
            "type": "Фильмы",
            "country": "США",
            "poster": "https://img.gettyimages.site/movies/franchise/6/4/0/6/5/0/0/0/0/0/610x900_64065.jpg",
            "kinopoisk": null,
            "imdb": null
        },
        {
            "id": 63001,
            "name": "Пропавшая без вести",
            "year": 2023,
            "quality": "FHD (1080p)",
            "genre": "Детектив, Триллер, Драма",
            "type": "Фильмы",
            "country": "США",
            "poster": "https://img.gettyimages.site/movies/franchise/6/3/0/0/1/0/0/0/0/0/610x900_63001.jpg",
            "kinopoisk": "7.1",
            "imdb": "7.4"
        }
    ]
}